schemaVersion,recordType,source.name,source.url,content.entityName,content.data.employeeCount,collectedAt
1.0,STARTUP,Y Combinator,https://www.ycombinator.com/companies/circuithub,CircuitHub,58,2026-08-15T17:16:40.308241+00:00
1.0,STARTUP,Y Combinator,https://www.ycombinator.com/companies/icracked,iCracked,51,2026-08-15T17:16:40.308402+00:00
1.0,STARTUP,Y Combinator,https://www.ycombinator.com/companies/42floors,42Floors,60,2026-08-15T17:16:40.308410+00:00
1.0,STARTUP,Y Combinator,https://www.ycombinator.com/companies/plangrid,PlanGrid,355,2026-08-15T17:16:40.308415+00:00
1.0,STARTUP,Y Combinator,https://www.ycombinator.com/companies/wireover,WireOver,2,2026-08-15T17:16:40.308423+00:00
1.0,STARTUP,Y Combinator,https://www.ycombinator.com/companies/the-muse,The Muse,60,2026-08-15T17:16:40.308432+00:00
1.0,STARTUP,Y Combinator,https://www.ycombinator.com/companies/sendhub,SendHub,51,2026-08-15T17:16:40.308436+00:00
1.0,STARTUP,Y Combinator,https://www.ycombinator.com/companies/hipmob,Hipmob,2,2026-08-15T17:16:40.308439+00:00
1.0,STARTUP,Y Combinator,https://www.ycombinator.com/companies/myvr,MyVR,15,2026-08-15T17:16:40.308443+00:00
1.0,STARTUP,Y Combinator,https://www.ycombinator.com/companies/hireart,HireArt,90,2026-08-15T17:16:40.308447+00:00
1.0,STARTUP,Y Combinator,https://www.ycombinator.com/companies/amiato,Amiato,2,2026-08-15T17:16:40.308451+00:00
1.0,STARTUP,Y Combinator,https://www.ycombinator.com/companies/medigram,Medigram,11,2026-08-15T17:16:40.308455+00:00
1.0,STARTUP,Y Combinator,https://www.ycombinator.com/companies/couple,Couple,2,2026-08-15T17:16:40.308459+00:00
1.0,STARTUP,Y Combinator,https://www.ycombinator.com/companies/hackpad,HackPad,2,2026-08-15T17:16:40.308463+00:00
1.0,STARTUP,Y Combinator,https://www.ycombinator.com/companies/rescale,Rescale,250,2026-08-15T17:16:40.308473+00:00
1.0,STARTUP,Y Combinator,https://www.ycombinator.com/companies/slidepay,SlidePay,2,2026-08-15T17:16:40.308477+00:00
1.0,STARTUP,Y Combinator,https://www.ycombinator.com/companies/tap-to-learn,Tap to Learn,11,2026-08-15T17:16:40.308481+00:00
1.0,STARTUP,Y Combinator,https://www.ycombinator.com/companies/optilly-installmonetizer,Optilly/Installmonetizer,11,2026-08-15T17:16:40.308485+00:00
1.0,STARTUP,Y Combinator,https://www.ycombinator.com/companies/booksolid,BookSolid,0,2026-08-15T17:16:40.308490+00:00
1.0,STARTUP,Y Combinator,https://www.ycombinator.com/companies/gusto,Gusto,2400,2026-08-15T17:16:40.308494+00:00
1.0,STARTUP,Y Combinator,https://www.ycombinator.com/companies/familyleaf,FamilyLeaf,2,2026-08-15T17:16:40.308498+00:00
1.0,STARTUP,Y Combinator,https://www.ycombinator.com/companies/marft,Marft,3,2026-08-15T17:16:40.308502+00:00
1.0,STARTUP,Y Combinator,https://www.ycombinator.com/companies/minefold,Minefold,2,2026-08-15T17:16:40.308507+00:00
1.0,STARTUP,Y Combinator,https://www.ycombinator.com/companies/zipio,Zipio,0,2026-08-15T17:16:40.308511+00:00
1.0,STARTUP,Y Combinator,https://www.ycombinator.com/companies/chute,Chute,11,2026-08-15T17:16:40.308515+00:00
1.0,STARTUP,Y Combinator,https://www.ycombinator.com/companies/matterport,Matterport,201,2026-08-15T17:16:40.308519+00:00
1.0,STARTUP,Y Combinator,https://www.ycombinator.com/companies/shoptiques,Shoptiques,51,2026-08-15T17:16:40.308523+00:00
1.0,STARTUP,Y Combinator,https://www.ycombinator.com/companies/cleverdeck,CleverDeck,1,2026-08-15T17:16:40.308526+00:00
1.0,STARTUP,Y Combinator,https://www.ycombinator.com/companies/make-school,Make School,45,2026-08-15T17:16:40.308530+00:00
1.0,STARTUP,Y Combinator,https://www.ycombinator.com/companies/pixelapse,Pixelapse,0,2026-08-15T17:16:40.308533+00:00
1.0,STARTUP,Y Combinator,https://www.ycombinator.com/companies/screenleap-inc,Screenleap,4,2026-08-15T17:16:40.308537+00:00
1.0,STARTUP,Y Combinator,https://www.ycombinator.com/companies/talkray-tikl,Talkray (TiKL),2,2026-08-15T17:16:40.308541+00:00
1.0,STARTUP,Y Combinator,https://www.ycombinator.com/companies/zillabyte,Zillabyte,2,2026-08-15T17:16:40.308545+00:00
1.0,STARTUP,Y Combinator,https://www.ycombinator.com/companies/exec,Exec,11,2026-08-15T17:16:40.308549+00:00
1.0,STARTUP,Y Combinator,https://www.ycombinator.com/companies/grouper,Grouper,11,2026-08-15T17:16:40.308555+00:00
1.0,STARTUP,Y Combinator,https://www.ycombinator.com/companies/amplitude,Amplitude,750,2026-08-15T17:16:40.308559+00:00
1.0,STARTUP,Y Combinator,https://www.ycombinator.com/companies/lendup,LendUp,201,2026-08-15T17:16:40.308563+00:00
1.0,STARTUP,Y Combinator,https://www.ycombinator.com/companies/tilt,Tilt,51,2026-08-15T17:16:40.308567+00:00
1.0,STARTUP,Y Combinator,https://www.ycombinator.com/companies/brace,Brace,0,2026-08-15T17:16:40.308571+00:00
1.0,STARTUP,Y Combinator,https://www.ycombinator.com/companies/swiftype,Swiftype,50,2026-08-15T17:16:40.308575+00:00
1.0,STARTUP,Y Combinator,https://www.ycombinator.com/companies/lvl6,LVL6,2,2026-08-15T17:16:40.308579+00:00
1.0,STARTUP,Y Combinator,https://www.ycombinator.com/companies/barsense,BarSense,0,2026-08-15T17:16:40.308583+00:00
1.0,STARTUP,Y Combinator,https://www.ycombinator.com/companies/farmlogs,FarmLogs,5,2026-08-15T17:16:40.308586+00:00
1.0,STARTUP,Y Combinator,https://www.ycombinator.com/companies/99dresses,99dresses,2,2026-08-15T17:16:40.308590+00:00
1.0,STARTUP,Y Combinator,https://www.ycombinator.com/companies/authy,Authy,201,2026-08-15T17:16:40.308593+00:00
1.0,STARTUP,Y Combinator,https://www.ycombinator.com/companies/flutter,Flutter,2,2026-08-15T17:16:40.308597+00:00
1.0,STARTUP,Y Combinator,https://www.ycombinator.com/companies/fond,Fond,51,2026-08-15T17:16:40.308606+00:00
1.0,STARTUP,Y Combinator,https://www.ycombinator.com/companies/per-vices,Per Vices,11,2026-08-15T17:16:40.308613+00:00
1.0,STARTUP,Y Combinator,https://www.ycombinator.com/companies/loom,Loom,2,2026-08-15T17:16:40.308621+00:00
1.0,STARTUP,Y Combinator,https://www.ycombinator.com/companies/documents-me,Documents.Me,0,2026-08-15T17:16:40.308628+00:00
1.0,STARTUP,Y Combinator,https://www.ycombinator.com/companies/ark,Ark,11,2026-08-15T17:16:40.308635+00:00
1.0,STARTUP,Y Combinator,https://www.ycombinator.com/companies/solidstage,SolidStage,0,2026-08-15T17:16:40.308642+00:00
1.0,STARTUP,Y Combinator,https://www.ycombinator.com/companies/yourmechanic,YourMechanic,115,2026-08-15T17:16:40.308650+00:00
1.0,STARTUP,Y Combinator,https://www.ycombinator.com/companies/priceonomics,Priceonomics,2,2026-08-15T17:16:40.308657+00:00
1.0,STARTUP,Y Combinator,https://www.ycombinator.com/companies/sendwave,Sendwave,350,2026-08-15T17:16:40.308665+00:00
1.0,STARTUP,Y Combinator,https://www.ycombinator.com/companies/glider,Glider,2,2026-08-15T17:16:40.308676+00:00
1.0,STARTUP,Y Combinator,https://www.ycombinator.com/companies/medmonk,Medmonk,2,2026-08-15T17:16:40.308683+00:00
1.0,STARTUP,Y Combinator,https://www.ycombinator.com/companies/carsabi,Carsabi,2,2026-08-15T17:16:40.308691+00:00
1.0,STARTUP,Y Combinator,https://www.ycombinator.com/companies/y-combinator,Y Combinator,100,2026-08-15T17:16:40.308698+00:00
1.0,STARTUP,Y Combinator,https://www.ycombinator.com/companies/socialcam,Socialcam,0,2026-08-15T17:16:40.308705+00:00
1.0,STARTUP,Y Combinator,https://www.ycombinator.com/companies/givespark,GiveSpark,1,2026-08-15T17:16:40.308713+00:00
1.0,STARTUP,Y Combinator,https://www.ycombinator.com/companies/shopular,Shopular,11,2026-08-15T17:16:40.308720+00:00
1.0,STARTUP,Y Combinator,https://www.ycombinator.com/companies/picplum,Picplum,2,2026-08-15T17:16:40.308727+00:00
1.0,STARTUP,Y Combinator,https://www.ycombinator.com/companies/freshplum,Freshplum,8,2026-08-15T17:16:40.308734+00:00
1.0,STARTUP,Y Combinator,https://www.ycombinator.com/companies/clutch,Clutch,2,2026-08-15T17:16:40.308744+00:00
1.0,STARTUP,Y Combinator,https://www.ycombinator.com/companies/apollo,Apollo,200,2026-08-15T17:16:40.308752+00:00
1.0,STARTUP,Y Combinator,https://www.ycombinator.com/companies/hackerrank,HackerRank,300,2026-08-15T17:16:40.308759+00:00
1.0,STARTUP,Y Combinator,https://www.ycombinator.com/companies/stypi,Stypi,2,2026-08-15T17:16:40.308767+00:00
1.0,STARTUP,Y Combinator,https://www.ycombinator.com/companies/genius,Genius,101,2026-08-15T17:16:40.308774+00:00
1.0,STARTUP,Y Combinator,https://www.ycombinator.com/companies/onesignal,OneSignal,150,2026-08-15T17:16:40.308977+00:00
1.0,STARTUP,Y Combinator,https://www.ycombinator.com/companies/zigfu,Zigfu,2,2026-08-15T17:16:40.308983+00:00
1.0,STARTUP,Y Combinator,https://www.ycombinator.com/companies/paydragon,PayDragon,11,2026-08-15T17:16:40.308986+00:00
1.0,STARTUP,Y Combinator,https://www.ycombinator.com/companies/aisle50,Aisle50,11,2026-08-15T17:16:40.308989+00:00
1.0,STARTUP,Y Combinator,https://www.ycombinator.com/companies/debteye,Debteye,2,2026-08-15T17:16:40.308992+00:00
1.0,STARTUP,Y Combinator,https://www.ycombinator.com/companies/proxino,Proxino,,2026-08-15T17:16:40.308995+00:00
1.0,STARTUP,Y Combinator,https://www.ycombinator.com/companies/streak,Streak,35,2026-08-15T17:16:40.308999+00:00
1.0,STARTUP,Y Combinator,https://www.ycombinator.com/companies/science-exchange,Science Exchange,50,2026-08-15T17:16:40.309002+00:00
1.0,STARTUP,Y Combinator,https://www.ycombinator.com/companies/phonesys,PhoneSys,4,2026-08-15T17:16:40.309005+00:00
1.0,STARTUP,Y Combinator,https://www.ycombinator.com/companies/quartzy,Quartzy,100,2026-08-15T17:16:40.309008+00:00
1.0,STARTUP,Y Combinator,https://www.ycombinator.com/companies/codecademy,Codecademy,225,2026-08-15T17:16:40.309011+00:00
1.0,STARTUP,Y Combinator,https://www.ycombinator.com/companies/cryptoseal,Cryptoseal,3,2026-08-15T17:16:40.309014+00:00
1.0,STARTUP,Y Combinator,https://www.ycombinator.com/companies/segment,Segment,550,2026-08-15T17:16:40.309018+00:00
1.0,STARTUP,Y Combinator,https://www.ycombinator.com/companies/citus-data,Citus Data,45,2026-08-15T17:16:40.309021+00:00
1.0,STARTUP,Y Combinator,https://www.ycombinator.com/companies/agilemd,AgileMD,19,2026-08-15T17:16:40.309024+00:00
1.0,STARTUP,Y Combinator,https://www.ycombinator.com/companies/clerky,Clerky,35,2026-08-15T17:16:40.309027+00:00
1.0,STARTUP,Y Combinator,https://www.ycombinator.com/companies/quad,Quad,12,2026-08-15T17:16:40.309030+00:00
1.0,STARTUP,Y Combinator,https://www.ycombinator.com/companies/dubjoy,Dubjoy,2,2026-08-15T17:16:40.309033+00:00
1.0,STARTUP,Y Combinator,https://www.ycombinator.com/companies/zenbox,Zenbox,2,2026-08-15T17:16:40.309036+00:00
1.0,STARTUP,Y Combinator,https://www.ycombinator.com/companies/realm,Realm,51,2026-08-15T17:16:40.309039+00:00
1.0,STARTUP,Y Combinator,https://www.ycombinator.com/companies/firebase,Firebase,500,2026-08-15T17:16:40.309042+00:00
1.0,STARTUP,Y Combinator,https://www.ycombinator.com/companies/gocardless,GoCardless,900,2026-08-15T17:16:40.309045+00:00
1.0,STARTUP,Y Combinator,https://www.ycombinator.com/companies/pagelever,Pagelever,11,2026-08-15T17:16:40.309049+00:00
1.0,STARTUP,Y Combinator,https://www.ycombinator.com/companies/marketbrief,MarketBrief,2,2026-08-15T17:16:40.309052+00:00
1.0,STARTUP,Y Combinator,https://www.ycombinator.com/companies/fobo,Fobo,2,2026-08-15T17:16:40.309055+00:00
1.0,STARTUP,Y Combinator,https://www.ycombinator.com/companies/sift,Sift,,2026-08-15T17:16:40.309058+00:00
1.0,STARTUP,Y Combinator,https://www.ycombinator.com/companies/verbling,Verbling,2,2026-08-15T17:16:40.309061+00:00
1.0,STARTUP,Y Combinator,https://www.ycombinator.com/companies/embark,Embark,2,2026-08-15T17:16:40.309064+00:00
1.0,STARTUP,Y Combinator,https://www.ycombinator.com/companies/leadgenius,LeadGenius,50,2026-08-15T17:16:40.309067+00:00
1.0,STARTUP,Y Combinator,https://www.ycombinator.com/companies/caviar,Caviar,51,2026-08-15T17:16:40.309070+00:00
1.0,STARTUP,Y Combinator,https://www.ycombinator.com/companies/interstate,Interstate,2,2026-08-15T17:16:40.309073+00:00
1.0,STARTUP,Y Combinator,https://www.ycombinator.com/companies/everyme,Everyme,2,2026-08-15T17:16:40.309076+00:00
1.0,STARTUP,Y Combinator,https://www.ycombinator.com/companies/opez,Opez,11,2026-08-15T17:16:40.309079+00:00
1.0,STARTUP,Y Combinator,https://www.ycombinator.com/companies/mixrank,MixRank,31,2026-08-15T17:16:40.309081+00:00
1.0,STARTUP,Y Combinator,https://www.ycombinator.com/companies/kicksend,Kicksend,11,2026-08-15T17:16:40.309085+00:00
1.0,STARTUP,Y Combinator,https://www.ycombinator.com/companies/videopixie,Videopixie,11,2026-08-15T17:16:40.309088+00:00
1.0,STARTUP,Y Combinator,https://www.ycombinator.com/companies/vapor,Vapor,2,2026-08-15T17:16:40.309091+00:00
1.0,STARTUP,Y Combinator,https://www.ycombinator.com/companies/launchpad-toys,Launchpad Toys,2,2026-08-15T17:16:40.309094+00:00
1.0,STARTUP,Y Combinator,https://www.ycombinator.com/companies/imgix,Imgix,34,2026-08-15T17:16:40.309097+00:00
1.0,STARTUP,Y Combinator,https://www.ycombinator.com/companies/compose,Compose,51,2026-08-15T17:16:40.309100+00:00
1.0,STARTUP,Y Combinator,https://www.ycombinator.com/companies/glassmap,GlassMap,11,2026-08-15T17:16:40.309103+00:00
1.0,STARTUP,Y Combinator,https://www.ycombinator.com/companies/vidyard,Vidyard,201,2026-08-15T17:16:40.309106+00:00
1.0,STARTUP,Y Combinator,https://www.ycombinator.com/companies/leaky,Leaky,2,2026-08-15T17:16:40.309109+00:00
1.0,STARTUP,Y Combinator,https://www.ycombinator.com/companies/ridejoy,Ridejoy,11,2026-08-15T17:16:40.309112+00:00
1.0,STARTUP,Y Combinator,https://www.ycombinator.com/companies/tapengage,TapEngage,2,2026-08-15T17:16:40.309115+00:00
1.0,STARTUP,Y Combinator,https://www.ycombinator.com/companies/snapjoy,Snapjoy,11,2026-08-15T17:16:40.309118+00:00
1.0,STARTUP,Y Combinator,https://www.ycombinator.com/companies/perfect-audience,Perfect Audience,11,2026-08-15T17:16:40.309121+00:00
1.0,STARTUP,Y Combinator,https://www.ycombinator.com/companies/rentobo,Rentobo,11,2026-08-15T17:16:40.309125+00:00
1.0,STARTUP,Y Combinator,https://www.ycombinator.com/companies/draft,Draft,1,2026-08-15T17:16:40.309128+00:00
1.0,STARTUP,Y Combinator,https://www.ycombinator.com/companies/parse,Parse,11,2026-08-15T17:16:40.309131+00:00
1.0,STARTUP,Y Combinator,https://www.ycombinator.com/companies/zeus,Zeus,200,2026-08-15T17:16:40.309134+00:00
1.0,STARTUP,Y Combinator,https://www.ycombinator.com/companies/userfox,Userfox,2,2026-08-15T17:16:40.309137+00:00
1.0,STARTUP,Y Combinator,https://www.ycombinator.com/companies/automatic,Automatic,51,2026-08-15T17:16:40.309139+00:00
1.0,STARTUP,Y Combinator,https://www.ycombinator.com/companies/hungry-labs,Hungry Labs,2,2026-08-15T17:16:40.309143+00:00
1.0,STARTUP,Y Combinator,https://www.ycombinator.com/companies/inporia,Inporia,11,2026-08-15T17:16:40.309146+00:00
1.0,STARTUP,Y Combinator,https://www.ycombinator.com/companies/upverter,Upverter,11,2026-08-15T17:16:40.309149+00:00
1.0,STARTUP,Y Combinator,https://www.ycombinator.com/companies/singlestore,SingleStore,150,2026-08-15T17:16:40.309152+00:00
1.0,STARTUP,Y Combinator,https://www.ycombinator.com/companies/beetailer,Beetailer,2,2026-08-15T17:16:40.309155+00:00
1.0,STARTUP,Y Combinator,https://www.ycombinator.com/companies/tellfi,TellFi,2,2026-08-15T17:16:40.309158+00:00
1.0,STARTUP,Y Combinator,https://www.ycombinator.com/companies/assembled,Assembled,2,2026-08-15T17:16:40.309161+00:00
1.0,STARTUP,Y Combinator,https://www.ycombinator.com/companies/talkable,Talkable,76,2026-08-15T17:16:40.309163+00:00
1.0,STARTUP,Y Combinator,https://www.ycombinator.com/companies/fitfu,FitFu,2,2026-08-15T17:16:40.309166+00:00
1.0,STARTUP,Y Combinator,https://www.ycombinator.com/companies/appharbor,AppHarbor,1,2026-08-15T17:16:40.309169+00:00
1.0,STARTUP,Y Combinator,https://www.ycombinator.com/companies/tumult,Tumult,1,2026-08-15T17:16:40.309172+00:00
1.0,STARTUP,Y Combinator,https://www.ycombinator.com/companies/earbits,Earbits,15,2026-08-15T17:16:40.309175+00:00
1.0,STARTUP,Y Combinator,https://www.ycombinator.com/companies/acunote,Acunote,0,2026-08-15T17:16:40.309179+00:00
1.0,STARTUP,Y Combinator,https://www.ycombinator.com/companies/sendoid,Sendoid,2,2026-08-15T17:16:40.309182+00:00
1.0,STARTUP,Y Combinator,https://www.ycombinator.com/companies/hellosign,HelloSign,100,2026-08-15T17:16:40.309185+00:00
1.0,STARTUP,Y Combinator,https://www.ycombinator.com/companies/instapainting,Instapainting,2,2026-08-15T17:16:40.309188+00:00
1.0,STARTUP,Y Combinator,https://www.ycombinator.com/companies/you-got-listings-inc,You Got Listings,3,2026-08-15T17:16:40.309191+00:00
1.0,STARTUP,Y Combinator,https://www.ycombinator.com/companies/hotspots,Hotspots,2,2026-08-15T17:16:40.309223+00:00
1.0,STARTUP,Y Combinator,https://www.ycombinator.com/companies/tremendous,Tremendous,150,2026-08-15T17:16:40.309226+00:00
1.0,STARTUP,Y Combinator,https://www.ycombinator.com/companies/custora,Custora,11,2026-08-15T17:16:40.309229+00:00
1.0,STARTUP,Y Combinator,https://www.ycombinator.com/companies/comprehend,Comprehend,51,2026-08-15T17:16:40.309232+00:00
1.0,STARTUP,Y Combinator,https://www.ycombinator.com/companies/humble-bundle,Humble Bundle,100,2026-08-15T17:16:40.309235+00:00
1.0,STARTUP,Y Combinator,https://www.ycombinator.com/companies/pebble,Pebble,51,2026-08-15T17:16:40.309239+00:00
1.0,STARTUP,Y Combinator,https://www.ycombinator.com/companies/hyperink,Hyperink,11,2026-08-15T17:16:40.309242+00:00
1.0,STARTUP,Y Combinator,https://www.ycombinator.com/companies/insight-data-science,Insight Data Science,11,2026-08-15T17:16:40.309245+00:00
1.0,STARTUP,Y Combinator,https://www.ycombinator.com/companies/convore,Convore,2,2026-08-15T17:16:40.309248+00:00
1.0,STARTUP,Y Combinator,https://www.ycombinator.com/companies/flotype,Flotype,2,2026-08-15T17:16:40.309251+00:00
1.0,STARTUP,Y Combinator,https://www.ycombinator.com/companies/fivestars,Fivestars,201,2026-08-15T17:16:40.309254+00:00
1.0,STARTUP,Y Combinator,https://www.ycombinator.com/companies/apportable,Apportable,51,2026-08-15T17:16:40.309257+00:00
1.0,STARTUP,Y Combinator,https://www.ycombinator.com/companies/close,Close,120,2026-08-15T17:16:40.309260+00:00
1.0,STARTUP,Y Combinator,https://www.ycombinator.com/companies/balanced,Balanced,11,2026-08-15T17:16:40.309262+00:00
1.0,STARTUP,Y Combinator,https://www.ycombinator.com/companies/mailgun,Mailgun,51,2026-08-15T17:16:40.309266+00:00
1.0,STARTUP,Y Combinator,https://www.ycombinator.com/companies/tutorspree,Tutorspree,51,2026-08-15T17:16:40.309269+00:00
1.0,STARTUP,Y Combinator,https://www.ycombinator.com/companies/mino-games,Mino Games,11,2026-08-15T17:16:40.309272+00:00
1.0,STARTUP,Y Combinator,https://www.ycombinator.com/companies/lanyrd,Lanyrd,2,2026-08-15T17:16:40.309275+00:00
1.0,STARTUP,Y Combinator,https://www.ycombinator.com/companies/trustegg,TrustEgg,2,2026-08-15T17:16:40.309278+00:00
1.0,STARTUP,Y Combinator,https://www.ycombinator.com/companies/siasto,Siasto,2,2026-08-15T17:16:40.309281+00:00
1.0,STARTUP,Y Combinator,https://www.ycombinator.com/companies/goat-group,GOAT Group,1600,2026-08-15T17:16:40.309284+00:00
1.0,STARTUP,Y Combinator,https://www.ycombinator.com/companies/orderahead,OrderAhead,50,2026-08-15T17:16:40.309287+00:00
1.0,STARTUP,Y Combinator,https://www.ycombinator.com/companies/drchrono,DrChrono,150,2026-08-15T17:16:40.309290+00:00
1.0,STARTUP,Y Combinator,https://www.ycombinator.com/companies/zerocater,Zerocater,140,2026-08-15T17:16:40.309293+00:00
1.0,STARTUP,Y Combinator,https://www.ycombinator.com/companies/storyworth,Storyworth,13,2026-08-15T17:16:40.309297+00:00
1.0,STARTUP,Y Combinator,https://www.ycombinator.com/companies/talkbin,TalkBin,0,2026-08-15T17:16:40.309300+00:00
1.0,STARTUP,Y Combinator,https://www.ycombinator.com/companies/venuetastic,Venuetastic,2,2026-08-15T17:16:40.309303+00:00
1.0,STARTUP,Y Combinator,https://www.ycombinator.com/companies/simplylisted,SimplyListed,2,2026-08-15T17:16:40.309306+00:00
1.0,STARTUP,Y Combinator,https://www.ycombinator.com/companies/chartio,Chartio,40,2026-08-15T17:16:40.309309+00:00
1.0,STARTUP,Y Combinator,https://www.ycombinator.com/companies/presto,Presto,200,2026-08-15T17:16:40.309312+00:00
1.0,STARTUP,Y Combinator,https://www.ycombinator.com/companies/hipmunk,Hipmunk,51,2026-08-15T17:16:40.309315+00:00
1.0,STARTUP,Y Combinator,https://www.ycombinator.com/companies/teevox,Teevox,11,2026-08-15T17:16:40.309318+00:00
1.0,STARTUP,Y Combinator,https://www.ycombinator.com/companies/rapportive,Rapportive,2,2026-08-15T17:16:40.309321+00:00
1.0,STARTUP,Y Combinator,https://www.ycombinator.com/companies/recurse-center,Recurse Center,7,2026-08-15T17:16:40.309324+00:00
1.0,STARTUP,Y Combinator,https://www.ycombinator.com/companies/simperium,Simperium,2,2026-08-15T17:16:40.309327+00:00
1.0,STARTUP,Y Combinator,https://www.ycombinator.com/companies/aerofs,AeroFS,40,2026-08-15T17:16:40.309330+00:00
1.0,STARTUP,Y Combinator,https://www.ycombinator.com/companies/chirply,Chirply,2,2026-08-15T17:16:40.309333+00:00
1.0,STARTUP,Y Combinator,https://www.ycombinator.com/companies/habit-labs,Habit Labs,2,2026-08-15T17:16:40.309336+00:00
1.0,STARTUP,Y Combinator,https://www.ycombinator.com/companies/padmapper,PadMapper,2,2026-08-15T17:16:40.309339+00:00
1.0,STARTUP,Y Combinator,https://www.ycombinator.com/companies/demandsphere,DemandSphere,40,2026-08-15T17:16:40.309342+00:00
1.0,STARTUP,Y Combinator,https://www.ycombinator.com/companies/anylist,AnyList,3,2026-08-15T17:16:40.309345+00:00
1.0,STARTUP,Y Combinator,https://www.ycombinator.com/companies/brushes,Brushes,0,2026-08-15T17:16:40.309348+00:00
1.0,STARTUP,Y Combinator,https://www.ycombinator.com/companies/gantto,Gantto,0,2026-08-15T17:16:40.309351+00:00
1.0,STARTUP,Y Combinator,https://www.ycombinator.com/companies/homejoy,Homejoy,201,2026-08-15T17:16:40.309354+00:00
1.0,STARTUP,Y Combinator,https://www.ycombinator.com/companies/1000memories,1000Memories,2,2026-08-15T17:16:40.309357+00:00
1.0,STARTUP,Y Combinator,https://www.ycombinator.com/companies/gazehawk,GazeHawk,2,2026-08-15T17:16:40.309360+00:00
1.0,STARTUP,Y Combinator,https://www.ycombinator.com/companies/leftronic,Leftronic,11,2026-08-15T17:16:40.309363+00:00
1.0,STARTUP,Y Combinator,https://www.ycombinator.com/companies/upbeat,Upbeat,2,2026-08-15T17:16:40.309366+00:00
1.0,STARTUP,Y Combinator,https://www.ycombinator.com/companies/opzi,Opzi,2,2026-08-15T17:16:40.309369+00:00
1.0,STARTUP,Y Combinator,https://www.ycombinator.com/companies/futureadvisor,FutureAdvisor,51,2026-08-15T17:16:40.309372+00:00
1.0,STARTUP,Y Combinator,https://www.ycombinator.com/companies/docker,Docker,201,2026-08-15T17:16:40.309375+00:00
1.0,STARTUP,Y Combinator,https://www.ycombinator.com/companies/post-fm,Post.fm,0,2026-08-15T17:16:40.309378+00:00
1.0,STARTUP,Y Combinator,https://www.ycombinator.com/companies/indinero,inDinero,250,2026-08-15T17:16:40.309381+00:00
1.0,STARTUP,Y Combinator,https://www.ycombinator.com/companies/workflowy,WorkFlowy,4,2026-08-15T17:16:40.309384+00:00
1.0,STARTUP,Y Combinator,https://www.ycombinator.com/companies/pagerduty,PagerDuty,950,2026-08-15T17:16:40.309387+00:00
1.0,STARTUP,Y Combinator,https://www.ycombinator.com/companies/ready-for-zero,Ready For Zero,12,2026-08-15T17:16:40.309390+00:00
1.0,STARTUP,Y Combinator,https://www.ycombinator.com/companies/messageparty,MessageParty,1,2026-08-15T17:16:40.309393+00:00
1.0,STARTUP,Y Combinator,https://www.ycombinator.com/companies/fanvibe,Fanvibe,2,2026-08-15T17:16:40.309396+00:00
1.0,STARTUP,Y Combinator,https://www.ycombinator.com/companies/fridge,Fridge,2,2026-08-15T17:16:40.309399+00:00
1.0,STARTUP,Y Combinator,https://www.ycombinator.com/companies/tapzilla,Tapzilla,2,2026-08-15T17:16:40.309402+00:00
1.0,STARTUP,Y Combinator,https://www.ycombinator.com/companies/whereoscope,Whereoscope,2,2026-08-15T17:16:40.309405+00:00
1.0,STARTUP,Y Combinator,https://www.ycombinator.com/companies/adgrok,AdGrok,2,2026-08-15T17:16:40.309408+00:00
1.0,STARTUP,Y Combinator,https://www.ycombinator.com/companies/pribbit,Pribbit,0,2026-08-15T17:16:40.309411+00:00
1.0,STARTUP,Y Combinator,https://www.ycombinator.com/companies/koduco,Koduco,2,2026-08-15T17:16:40.309414+00:00
1.0,STARTUP,Y Combinator,https://www.ycombinator.com/companies/mertado,Mertado,1,2026-08-15T17:16:40.309417+00:00
1.0,STARTUP,Y Combinator,https://www.ycombinator.com/companies/500friends,500Friends,51,2026-08-15T17:16:40.309420+00:00
1.0,STARTUP,Y Combinator,https://www.ycombinator.com/companies/all-screen,All Screen,11,2026-08-15T17:16:40.309423+00:00
1.0,STARTUP,Y Combinator,https://www.ycombinator.com/companies/crocodoc,Crocodoc,0,2026-08-15T17:16:40.309426+00:00
1.0,STARTUP,Y Combinator,https://www.ycombinator.com/companies/bitplay,Bitplay,2,2026-08-15T17:16:40.309431+00:00
1.0,STARTUP,Y Combinator,https://www.ycombinator.com/companies/fabricly,Fabricly,2,2026-08-15T17:16:40.309442+00:00
1.0,STARTUP,Y Combinator,https://www.ycombinator.com/companies/embedly,Embedly,2,2026-08-15T17:16:40.309446+00:00
1.0,STARTUP,Y Combinator,https://www.ycombinator.com/companies/creative-market,Creative Market,,2026-08-15T17:16:40.309449+00:00
1.0,STARTUP,Y Combinator,https://www.ycombinator.com/companies/nowmov,Nowmov,0,2026-08-15T17:16:40.309452+00:00
1.0,STARTUP,Y Combinator,https://www.ycombinator.com/companies/optimizely,Optimizely,1500,2026-08-15T17:16:40.309456+00:00
1.0,STARTUP,Y Combinator,https://www.ycombinator.com/companies/launchhear,LaunchHear,2,2026-08-15T17:16:40.309459+00:00
1.0,STARTUP,Y Combinator,https://www.ycombinator.com/companies/zencoder,Zencoder,11,2026-08-15T17:16:40.309462+00:00
1.0,STARTUP,Y Combinator,https://www.ycombinator.com/companies/cue,Cue,11,2026-08-15T17:16:40.309465+00:00
1.0,STARTUP,Y Combinator,https://www.ycombinator.com/companies/answerly,Answerly,11,2026-08-15T17:16:40.309468+00:00
1.0,STARTUP,Y Combinator,https://www.ycombinator.com/companies/ownlocal,OwnLocal,45,2026-08-15T17:16:40.309471+00:00
1.0,STARTUP,Y Combinator,https://www.ycombinator.com/companies/zenedy,Zenedy,2,2026-08-15T17:16:40.309474+00:00
1.0,STARTUP,Y Combinator,https://www.ycombinator.com/companies/gamador,Gamador,2,2026-08-15T17:16:40.309477+00:00
1.0,STARTUP,Y Combinator,https://www.ycombinator.com/companies/fithub,Fithub,0,2026-08-15T17:16:40.309480+00:00
1.0,STARTUP,Y Combinator,https://www.ycombinator.com/companies/cardpool,Cardpool,251,2026-08-15T17:16:40.309483+00:00
1.0,STARTUP,Y Combinator,https://www.ycombinator.com/companies/movity,Movity,2,2026-08-15T17:16:40.309486+00:00
1.0,STARTUP,Y Combinator,https://www.ycombinator.com/companies/etacts,Etacts,2,2026-08-15T17:16:40.309489+00:00
1.0,STARTUP,Y Combinator,https://www.ycombinator.com/companies/data-marketplace,Data Marketplace,2,2026-08-15T17:16:40.309492+00:00
1.0,STARTUP,Y Combinator,https://www.ycombinator.com/companies/newslabs,Newslabs,2,2026-08-15T17:16:40.309495+00:00
1.0,STARTUP,Y Combinator,https://www.ycombinator.com/companies/newcope,Newcope,2,2026-08-15T17:16:40.309498+00:00
1.0,STARTUP,Y Combinator,https://www.ycombinator.com/companies/infoharmoni,Infoharmoni,2,2026-08-15T17:16:40.309501+00:00
1.0,STARTUP,Y Combinator,https://www.ycombinator.com/companies/notifo,Notifo,2,2026-08-15T17:16:40.309504+00:00
1.0,STARTUP,Y Combinator,https://www.ycombinator.com/companies/listia,Listia,6,2026-08-15T17:16:40.309507+00:00
1.0,STARTUP,Y Combinator,https://www.ycombinator.com/companies/stripe,Stripe,7000,2026-08-15T17:16:40.309510+00:00
1.0,STARTUP,Y Combinator,https://www.ycombinator.com/companies/highlightcam,HighlightCam,11,2026-08-15T17:16:40.309514+00:00
1.0,STARTUP,Y Combinator,https://www.ycombinator.com/companies/dailybooth,DailyBooth,2,2026-08-15T17:16:40.309517+00:00
1.0,STARTUP,Y Combinator,https://www.ycombinator.com/companies/bump,Bump,30,2026-08-15T17:16:40.309520+00:00
1.0,STARTUP,Y Combinator,https://www.ycombinator.com/companies/wepay,WePay,400,2026-08-15T17:16:40.309523+00:00
1.0,STARTUP,Y Combinator,https://www.ycombinator.com/companies/directed-edge,Directed Edge,2,2026-08-15T17:16:40.309526+00:00
1.0,STARTUP,Y Combinator,https://www.ycombinator.com/companies/rethinkdb,RethinkDB,11,2026-08-15T17:16:40.309529+00:00
1.0,STARTUP,Y Combinator,https://www.ycombinator.com/companies/jobspice,Jobspice,11,2026-08-15T17:16:40.309532+00:00
1.0,STARTUP,Y Combinator,https://www.ycombinator.com/companies/mixpanel,Mixpanel,410,2026-08-15T17:16:40.309535+00:00
1.0,STARTUP,Y Combinator,https://www.ycombinator.com/companies/olark,Olark,28,2026-08-15T17:16:40.309538+00:00
1.0,STARTUP,Y Combinator,https://www.ycombinator.com/companies/lockitron,Lockitron,11,2026-08-15T17:16:40.309541+00:00
1.0,STARTUP,Y Combinator,https://www.ycombinator.com/companies/carwoo,CarWoo,11,2026-08-15T17:16:40.309544+00:00
1.0,STARTUP,Y Combinator,https://www.ycombinator.com/companies/tuxebo,Tuxebo,0,2026-08-15T17:16:40.309547+00:00
1.0,STARTUP,Y Combinator,https://www.ycombinator.com/companies/fanchatter,Fanchatter,11,2026-08-15T17:16:40.309550+00:00
1.0,STARTUP,Y Combinator,https://www.ycombinator.com/companies/plurchase,Plurchase,2,2026-08-15T17:16:40.309553+00:00
1.0,STARTUP,Y Combinator,https://www.ycombinator.com/companies/graffitigeo,GraffitiGeo,2,2026-08-15T17:16:40.309556+00:00
1.0,STARTUP,Y Combinator,https://www.ycombinator.com/companies/flightcaster,Flightcaster,2,2026-08-15T17:16:40.309559+00:00
1.0,STARTUP,Y Combinator,https://www.ycombinator.com/companies/nudgepad,NudgePad,2,2026-08-15T17:16:40.309562+00:00
1.0,STARTUP,Y Combinator,https://www.ycombinator.com/companies/renthop,RentHop,9,2026-08-15T17:16:40.309565+00:00
1.0,STARTUP,Y Combinator,https://www.ycombinator.com/companies/lingt,Lingt,2,2026-08-15T17:16:40.309568+00:00
1.0,STARTUP,Y Combinator,https://www.ycombinator.com/companies/robohr,RoboHR,0,2026-08-15T17:16:40.309571+00:00
1.0,STARTUP,Y Combinator,https://www.ycombinator.com/companies/adthrow,AdThrow,0,2026-08-15T17:16:40.309574+00:00
1.0,STARTUP,Y Combinator,https://www.ycombinator.com/companies/stackq,Stackq,0,2026-08-15T17:16:40.309577+00:00
1.0,STARTUP,Y Combinator,https://www.ycombinator.com/companies/wakemate,Wakemate,2,2026-08-15T17:16:40.309580+00:00
1.0,STARTUP,Y Combinator,https://www.ycombinator.com/companies/instantq,Instantq,2,2026-08-15T17:16:40.309583+00:00
1.0,STARTUP,Y Combinator,https://www.ycombinator.com/companies/recurious,Recurious,0,2026-08-15T17:16:40.309586+00:00
1.0,STARTUP,Y Combinator,https://www.ycombinator.com/companies/skysheet,Skysheet,2,2026-08-15T17:16:40.309589+00:00
1.0,STARTUP,Y Combinator,https://www.ycombinator.com/companies/heyzap,Heyzap,11,2026-08-15T17:16:40.309592+00:00
1.0,STARTUP,Y Combinator,https://www.ycombinator.com/companies/wattvision,Wattvision,0,2026-08-15T17:16:40.309595+00:00
1.0,STARTUP,Y Combinator,https://www.ycombinator.com/companies/foodoro,Foodoro,11,2026-08-15T17:16:40.309598+00:00
1.0,STARTUP,Y Combinator,https://www.ycombinator.com/companies/volantio,Volantio,19,2026-08-15T17:16:40.309602+00:00
1.0,STARTUP,Y Combinator,https://www.ycombinator.com/companies/airbnb,Airbnb,6132,2026-08-15T17:16:40.309605+00:00
1.0,STARTUP,Y Combinator,https://www.ycombinator.com/companies/divvyshot,Divvyshot,2,2026-08-15T17:16:40.309608+00:00
1.0,STARTUP,Y Combinator,https://www.ycombinator.com/companies/remail,reMail,1,2026-08-15T17:16:40.309611+00:00
1.0,STARTUP,Y Combinator,https://www.ycombinator.com/companies/echodio,Echodio,2,2026-08-15T17:16:40.309614+00:00
1.0,STARTUP,Y Combinator,https://www.ycombinator.com/companies/cloudkick,Cloudkick,11,2026-08-15T17:16:40.309617+00:00
1.0,STARTUP,Y Combinator,https://www.ycombinator.com/companies/spaces-life,Spaces Life,0,2026-08-15T17:16:40.309620+00:00
1.0,STARTUP,Y Combinator,https://www.ycombinator.com/companies/picurio,Picurio,2,2026-08-15T17:16:40.309623+00:00
1.0,STARTUP,Y Combinator,https://www.ycombinator.com/companies/nambii,Nambii,0,2026-08-15T17:16:40.309626+00:00
1.0,STARTUP,Y Combinator,https://www.ycombinator.com/companies/voxli,Voxli,2,2026-08-15T17:16:40.309629+00:00
1.0,STARTUP,Y Combinator,https://www.ycombinator.com/companies/petasales,PetaSales,2,2026-08-15T17:16:40.309632+00:00
1.0,STARTUP,Y Combinator,https://www.ycombinator.com/companies/posterous,Posterous,11,2026-08-15T17:16:40.309635+00:00
1.0,STARTUP,Y Combinator,https://www.ycombinator.com/companies/poll-everywhere,Poll Everywhere,70,2026-08-15T17:16:40.309638+00:00
1.0,STARTUP,Y Combinator,https://www.ycombinator.com/companies/ohlife,OhLife,2,2026-08-15T17:16:40.309641+00:00
1.0,STARTUP,Y Combinator,https://www.ycombinator.com/companies/cloudant,Cloudant,51,2026-08-15T17:16:40.309644+00:00
1.0,STARTUP,Y Combinator,https://www.ycombinator.com/companies/job-alchemist,Job Alchemist,0,2026-08-15T17:16:40.309647+00:00
1.0,STARTUP,Y Combinator,https://www.ycombinator.com/companies/frogmetrics,Frogmetrics,2,2026-08-15T17:16:40.309650+00:00
1.0,STARTUP,Y Combinator,https://www.ycombinator.com/companies/anyvite,Anyvite,2,2026-08-15T17:16:40.309653+00:00
1.0,STARTUP,Y Combinator,https://www.ycombinator.com/companies/co2stats,CO2Stats,0,2026-08-15T17:16:40.309672+00:00
1.0,STARTUP,Y Combinator,https://www.ycombinator.com/companies/justspotted,JustSpotted,2,2026-08-15T17:16:40.309675+00:00
1.0,STARTUP,Y Combinator,https://www.ycombinator.com/companies/picwing,Picwing,11,2026-08-15T17:16:40.309679+00:00
1.0,STARTUP,Y Combinator,https://www.ycombinator.com/companies/backtype,BackType,0,2026-08-15T17:16:40.309682+00:00
1.0,STARTUP,Y Combinator,https://www.ycombinator.com/companies/precognate,Precognate,0,2026-08-15T17:16:40.309685+00:00
1.0,STARTUP,Y Combinator,https://www.ycombinator.com/companies/youlicit,Youlicit,2,2026-08-15T17:16:40.309688+00:00
1.0,STARTUP,Y Combinator,https://www.ycombinator.com/companies/team-apart,Team Apart,2,2026-08-15T17:16:40.309691+00:00
1.0,STARTUP,Y Combinator,https://www.ycombinator.com/companies/claimspotting,Claimspotting,0,2026-08-15T17:16:40.309694+00:00
1.0,STARTUP,Y Combinator,https://www.ycombinator.com/companies/ticket-stumbler,Ticket Stumbler,2,2026-08-15T17:16:40.309697+00:00
1.0,STARTUP,Y Combinator,https://www.ycombinator.com/companies/snipd,Snipd,2,2026-08-15T17:16:40.309700+00:00
1.0,STARTUP,Y Combinator,https://www.ycombinator.com/companies/popcuts,Popcuts,2,2026-08-15T17:16:40.309703+00:00
1.0,STARTUP,Y Combinator,https://www.ycombinator.com/companies/people-and-pages,People & Pages,0,2026-08-15T17:16:40.309706+00:00
1.0,STARTUP,Y Combinator,https://www.ycombinator.com/companies/playreader,PlayReader,0,2026-08-15T17:16:40.309709+00:00
1.0,STARTUP,Y Combinator,https://www.ycombinator.com/companies/treehouse,Treehouse,101,2026-08-15T17:16:40.309712+00:00
1.0,STARTUP,Y Combinator,https://www.ycombinator.com/companies/slinkset,Slinkset,2,2026-08-15T17:16:40.309715+00:00
1.0,STARTUP,Y Combinator,https://www.ycombinator.com/companies/trigger,Trigger,11,2026-08-15T17:16:40.309718+00:00
1.0,STARTUP,Y Combinator,https://www.ycombinator.com/companies/rescuetime,RescueTime,15,2026-08-15T17:16:40.309721+00:00
1.0,STARTUP,Y Combinator,https://www.ycombinator.com/companies/a-thinking-ape,A Thinking Ape,75,2026-08-15T17:16:40.309724+00:00
1.0,STARTUP,Y Combinator,https://www.ycombinator.com/companies/ninite,Ninite,2,2026-08-15T17:16:40.309727+00:00
1.0,STARTUP,Y Combinator,https://www.ycombinator.com/companies/machine-zone,Machine Zone,501,2026-08-15T17:16:40.309730+00:00
1.0,STARTUP,Y Combinator,https://www.ycombinator.com/companies/mightyquiz,MightyQuiz,2,2026-08-15T17:16:40.309733+00:00
1.0,STARTUP,Y Combinator,https://www.ycombinator.com/companies/fathomdb,FathomDB,0,2026-08-15T17:16:40.309736+00:00
1.0,STARTUP,Y Combinator,https://www.ycombinator.com/companies/omnisio,Omnisio,0,2026-08-15T17:16:40.309739+00:00
1.0,STARTUP,Y Combinator,https://www.ycombinator.com/companies/heroku,Heroku,300,2026-08-15T17:16:40.309742+00:00
1.0,STARTUP,Y Combinator,https://www.ycombinator.com/companies/280-north,280 North,11,2026-08-15T17:16:40.309745+00:00
1.0,STARTUP,Y Combinator,https://www.ycombinator.com/companies/wundrbar,Wundrbar,2,2026-08-15T17:16:40.309748+00:00
1.0,STARTUP,Y Combinator,https://www.ycombinator.com/companies/socialbrowse,Socialbrowse,2,2026-08-15T17:16:40.309750+00:00
1.0,STARTUP,Y Combinator,https://www.ycombinator.com/companies/mixwit,Mixwit,2,2026-08-15T17:16:40.309753+00:00
1.0,STARTUP,Y Combinator,https://www.ycombinator.com/companies/tipjoy,Tipjoy,2,2026-08-15T17:16:40.309756+00:00
1.0,STARTUP,Y Combinator,https://www.ycombinator.com/companies/kirkland-north,Kirkland North,2,2026-08-15T17:16:40.309759+00:00
1.0,STARTUP,Y Combinator,https://www.ycombinator.com/companies/deluux,Deluux,2,2026-08-15T17:16:40.309762+00:00
1.0,STARTUP,Y Combinator,https://www.ycombinator.com/companies/yumdots,YumDots,2,2026-08-15T17:16:40.309765+00:00
1.0,STARTUP,Y Combinator,https://www.ycombinator.com/companies/snaptalent,Snaptalent,2,2026-08-15T17:16:40.309768+00:00
1.0,STARTUP,Y Combinator,https://www.ycombinator.com/companies/insoshi,Insoshi,0,2026-08-15T17:16:40.309771+00:00
1.0,STARTUP,Y Combinator,https://www.ycombinator.com/companies/joberator,Joberator,2,2026-08-15T17:16:40.309774+00:00
1.0,STARTUP,Y Combinator,https://www.ycombinator.com/companies/bitsample,BitSample,0,2026-08-15T17:16:40.309777+00:00
1.0,STARTUP,Y Combinator,https://www.ycombinator.com/companies/songkick,Songkick,11,2026-08-15T17:16:40.309780+00:00
1.0,STARTUP,Y Combinator,https://www.ycombinator.com/companies/dropbox,Dropbox,4000,2026-08-15T17:16:40.309783+00:00
1.0,STARTUP,Y Combinator,https://www.ycombinator.com/companies/blue-frog-gaming,Blue Frog Gaming,11,2026-08-15T17:16:40.309786+00:00
1.0,STARTUP,Y Combinator,https://www.ycombinator.com/companies/disqus,Disqus,11,2026-08-15T17:16:40.309789+00:00
1.0,STARTUP,Y Combinator,https://www.ycombinator.com/companies/bountii,Bountii,2,2026-08-15T17:16:40.309792+00:00
1.0,STARTUP,Y Combinator,https://www.ycombinator.com/companies/hello-chair,Hello Chair,0,2026-08-15T17:16:40.309795+00:00
1.0,STARTUP,Y Combinator,https://www.ycombinator.com/companies/ijigg-top440,iJigg/Top440,2,2026-08-15T17:16:40.309798+00:00
1.0,STARTUP,Y Combinator,https://www.ycombinator.com/companies/splashup,Splashup,2,2026-08-15T17:16:40.309801+00:00
1.0,STARTUP,Y Combinator,https://www.ycombinator.com/companies/contestmachine,ContestMachine,2,2026-08-15T17:16:40.309805+00:00
1.0,STARTUP,Y Combinator,https://www.ycombinator.com/companies/zumodrive,ZumoDrive,15,2026-08-15T17:16:40.309808+00:00
1.0,STARTUP,Y Combinator,https://www.ycombinator.com/companies/socialpicks,SocialPicks,2,2026-08-15T17:16:40.309811+00:00
1.0,STARTUP,Y Combinator,https://www.ycombinator.com/companies/clickpass,Clickpass,11,2026-08-15T17:16:40.309814+00:00
1.0,STARTUP,Y Combinator,https://www.ycombinator.com/companies/appjet,Appjet,3,2026-08-15T17:16:40.309817+00:00
1.0,STARTUP,Y Combinator,https://www.ycombinator.com/companies/anywhere-fm,Anywhere.FM,11,2026-08-15T17:16:40.309820+00:00
1.0,STARTUP,Y Combinator,https://www.ycombinator.com/companies/reble,Reble,2,2026-08-15T17:16:40.309823+00:00
1.0,STARTUP,Y Combinator,https://www.ycombinator.com/companies/meetyu,Meetyu,0,2026-08-15T17:16:40.309826+00:00
1.0,STARTUP,Y Combinator,https://www.ycombinator.com/companies/fuzzwich,Fuzzwich,2,2026-08-15T17:16:40.309829+00:00
1.0,STARTUP,Y Combinator,https://www.ycombinator.com/companies/eivod,Eivod,51,2026-08-15T17:16:40.309832+00:00
1.0,STARTUP,Y Combinator,https://www.ycombinator.com/companies/biographicon,Biographicon,2,2026-08-15T17:16:40.309835+00:00
1.0,STARTUP,Y Combinator,https://www.ycombinator.com/companies/virtualmin,Virtualmin,2,2026-08-15T17:16:40.309838+00:00
1.0,STARTUP,Y Combinator,https://www.ycombinator.com/companies/weebly,Weebly,201,2026-08-15T17:16:40.309841+00:00
1.0,STARTUP,Y Combinator,https://www.ycombinator.com/companies/tsumobi,Tsumobi,2,2026-08-15T17:16:40.309844+00:00
1.0,STARTUP,Y Combinator,https://www.ycombinator.com/companies/octopart,Octopart,11,2026-08-15T17:16:40.309847+00:00
1.0,STARTUP,Y Combinator,https://www.ycombinator.com/companies/buxfer,Buxfer,1,2026-08-15T17:16:40.309849+00:00
1.0,STARTUP,Y Combinator,https://www.ycombinator.com/companies/zenter,Zenter,2,2026-08-15T17:16:40.309852+00:00
1.0,STARTUP,Y Combinator,https://www.ycombinator.com/companies/auctomatic,Auctomatic,2,2026-08-15T17:16:40.309855+00:00
1.0,STARTUP,Y Combinator,https://www.ycombinator.com/companies/writewith,WriteWith,2,2026-08-15T17:16:40.309858+00:00
1.0,STARTUP,Y Combinator,https://www.ycombinator.com/companies/whitenoise,Whitenoise,2,2026-08-15T17:16:40.309861+00:00
1.0,STARTUP,Y Combinator,https://www.ycombinator.com/companies/view3,View3,0,2026-08-15T17:16:40.309864+00:00
1.0,STARTUP,Y Combinator,https://www.ycombinator.com/companies/socialmoth,Socialmoth,2,2026-08-15T17:16:40.309867+00:00
1.0,STARTUP,Y Combinator,https://www.ycombinator.com/companies/heysan,Heysan,0,2026-08-15T17:16:40.309870+00:00
1.0,STARTUP,Y Combinator,https://www.ycombinator.com/companies/xobni,Xobni,11,2026-08-15T17:16:40.309873+00:00
1.0,STARTUP,Y Combinator,https://www.ycombinator.com/companies/scribd,Scribd,300,2026-08-15T17:16:40.309876+00:00
1.0,STARTUP,Y Combinator,https://www.ycombinator.com/companies/omgpop,OMGPop,11,2026-08-15T17:16:40.309887+00:00
1.0,STARTUP,Y Combinator,https://www.ycombinator.com/companies/jamglue,Jamglue,2,2026-08-15T17:16:40.309890+00:00
1.0,STARTUP,Y Combinator,https://www.ycombinator.com/companies/thinkature,Thinkature,0,2026-08-15T17:16:40.309893+00:00
1.0,STARTUP,Y Combinator,https://www.ycombinator.com/companies/talkito,Talkito,0,2026-08-15T17:16:40.309896+00:00
1.0,STARTUP,Y Combinator,https://www.ycombinator.com/companies/shoutfit,Shoutfit,3,2026-08-15T17:16:40.309899+00:00
1.0,STARTUP,Y Combinator,https://www.ycombinator.com/companies/pollground,Pollground,0,2026-08-15T17:16:40.309903+00:00
1.0,STARTUP,Y Combinator,https://www.ycombinator.com/companies/zanbazaar,Zanbazaar,4,2026-08-15T17:16:40.309906+00:00
1.0,STARTUP,Y Combinator,https://www.ycombinator.com/companies/likebetter,Likebetter,2,2026-08-15T17:16:40.309909+00:00
1.0,STARTUP,Y Combinator,https://www.ycombinator.com/companies/jumpchat,Jumpchat,2,2026-08-15T17:16:40.309912+00:00
1.0,STARTUP,Y Combinator,https://www.ycombinator.com/companies/inkling,Inkling,11,2026-08-15T17:16:40.309915+00:00
1.0,STARTUP,Y Combinator,https://www.ycombinator.com/companies/clustrix,Clustrix,51,2026-08-15T17:16:40.309918+00:00
1.0,STARTUP,Y Combinator,https://www.ycombinator.com/companies/snipshot,Snipshot,0,2026-08-15T17:16:40.309921+00:00
1.0,STARTUP,Y Combinator,https://www.ycombinator.com/companies/project-wedding,Project Wedding,2,2026-08-15T17:16:40.309923+00:00
1.0,STARTUP,Y Combinator,https://www.ycombinator.com/companies/wufoo,Wufoo,11,2026-08-15T17:16:40.309927+00:00
1.0,STARTUP,Y Combinator,https://www.ycombinator.com/companies/flagr,Flagr,2,2026-08-15T17:16:40.309930+00:00
1.0,STARTUP,Y Combinator,https://www.ycombinator.com/companies/audiobeta,Audiobeta,0,2026-08-15T17:16:40.309932+00:00
1.0,STARTUP,Y Combinator,https://www.ycombinator.com/companies/loopt,Loopt,11,2026-08-15T17:16:40.309935+00:00
1.0,STARTUP,Y Combinator,https://www.ycombinator.com/companies/textpayme,TextPayMe,11,2026-08-15T17:16:40.309938+00:00
1.0,STARTUP,Y Combinator,https://www.ycombinator.com/companies/clickfacts,Clickfacts,11,2026-08-15T17:16:40.309941+00:00
1.0,STARTUP,Y Combinator,https://www.ycombinator.com/companies/simmery,Simmery,0,2026-08-15T17:16:40.309944+00:00
1.0,STARTUP,Y Combinator,https://www.ycombinator.com/companies/memamp,Memamp,0,2026-08-15T17:16:40.309947+00:00
1.0,STARTUP,Y Combinator,https://www.ycombinator.com/companies/kiko,Kiko,0,2026-08-15T17:16:40.309950+00:00
1.0,STARTUP,Y Combinator,https://www.ycombinator.com/companies/reddit,Reddit,2000,2026-08-15T17:16:40.309953+00:00
1.0,STARTUP,Y Combinator,https://www.ycombinator.com/companies/infogami,Infogami,2,2026-08-15T17:16:40.309956+00:00
1.0,STARTUP,Y Combinator,https://www.ycombinator.com/companies/mixed-media-labs,Mixed Media Labs,,2026-08-15T17:16:40.309958+00:00
1.0,STARTUP,Y Combinator,https://www.ycombinator.com/companies/twitch,Twitch,2000,2026-08-15T17:16:40.309962+00:00
1.0,STARTUP,Y Combinator,https://www.ycombinator.com/companies/parakey,Parakey,2,2026-08-15T17:16:40.309964+00:00
1.0,STARTUP,Y Combinator,https://www.ycombinator.com/companies/tomoguides,TomoGuides,2,2026-08-15T17:16:40.309967+00:00
1.0,STARTUP,Y Combinator,https://www.ycombinator.com/companies/pixate,Pixate,10,2026-08-15T17:16:40.309970+00:00
1.0,STARTUP,Y Combinator,https://www.ycombinator.com/companies/knowmia,Knowmia,11,2026-08-15T17:16:40.309973+00:00
1.0,STARTUP,Y Combinator,https://www.ycombinator.com/companies/boosted,Boosted,51,2026-08-15T17:16:40.309976+00:00
1.0,STARTUP,Y Combinator,https://www.ycombinator.com/companies/zeromailer,ZeroMailer,2,2026-08-15T17:16:40.309979+00:00
1.0,STARTUP,Y Combinator,https://www.ycombinator.com/companies/canopy-labs,Canopy Labs,11,2026-08-15T17:16:40.309982+00:00
1.0,STARTUP,Y Combinator,https://www.ycombinator.com/companies/leanmarket,LeanMarket,2,2026-08-15T17:16:40.309985+00:00
1.0,STARTUP,Y Combinator,https://www.ycombinator.com/companies/kamcord,Kamcord,11,2026-08-15T17:16:40.309988+00:00
1.0,STARTUP,Y Combinator,https://www.ycombinator.com/companies/statwing,Statwing,2,2026-08-15T17:16:40.309991+00:00
1.0,STARTUP,Y Combinator,https://www.ycombinator.com/companies/rainforest,Rainforest,40,2026-08-15T17:16:40.309994+00:00
1.0,STARTUP,Y Combinator,https://www.ycombinator.com/companies/imgfave,Imgfave,2,2026-08-15T17:16:40.309996+00:00
1.0,STARTUP,Y Combinator,https://www.ycombinator.com/companies/fullstack-academy,Fullstack Academy,220,2026-08-15T17:16:40.309999+00:00
1.0,STARTUP,Y Combinator,https://www.ycombinator.com/companies/omnivirt,OmniVirt,15,2026-08-15T17:16:40.310003+00:00
1.0,STARTUP,Y Combinator,https://www.ycombinator.com/companies/arc,Arc,2,2026-08-15T17:16:40.310006+00:00
1.0,STARTUP,Y Combinator,https://www.ycombinator.com/companies/streem,Streem,4,2026-08-15T17:16:40.310009+00:00
1.0,STARTUP,Y Combinator,https://www.ycombinator.com/companies/mth-sense,Mth Sense,11,2026-08-15T17:16:40.310012+00:00
1.0,STARTUP,Y Combinator,https://www.ycombinator.com/companies/human-dx,Human Dx,11,2026-08-15T17:16:40.310015+00:00
1.0,STARTUP,Y Combinator,https://www.ycombinator.com/companies/testmunk,Testmunk,2,2026-08-15T17:16:40.310018+00:00
1.0,STARTUP,Y Combinator,https://www.ycombinator.com/companies/healthsherpa,HealthSherpa,220,2026-08-15T17:16:40.310020+00:00
1.0,STARTUP,Y Combinator,https://www.ycombinator.com/companies/framebase,Framebase,2,2026-08-15T17:16:40.310024+00:00
1.0,STARTUP,Y Combinator,https://www.ycombinator.com/companies/mattermost,Mattermost,120,2026-08-15T17:16:40.310027+00:00
1.0,STARTUP,Y Combinator,https://www.ycombinator.com/companies/airshared,Airshared,0,2026-08-15T17:16:40.310030+00:00
1.0,STARTUP,Y Combinator,https://www.ycombinator.com/companies/zentail,Zentail,30,2026-08-15T17:16:40.310033+00:00
1.0,STARTUP,Y Combinator,https://www.ycombinator.com/companies/soylent,Soylent,51,2026-08-15T17:16:40.310036+00:00
1.0,STARTUP,Y Combinator,https://www.ycombinator.com/companies/datanitro,DataNitro,11,2026-08-15T17:16:40.310039+00:00
1.0,STARTUP,Y Combinator,https://www.ycombinator.com/companies/clever,Clever,210,2026-08-15T17:16:40.310042+00:00
1.0,STARTUP,Y Combinator,https://www.ycombinator.com/companies/vayable,Vayable,2,2026-08-15T17:16:40.310044+00:00
1.0,STARTUP,Y Combinator,https://www.ycombinator.com/companies/smartasset,SmartAsset,210,2026-08-15T17:16:40.310047+00:00
1.0,STARTUP,Y Combinator,https://www.ycombinator.com/companies/fundersclub,FundersClub,5,2026-08-15T17:16:40.310050+00:00
1.0,STARTUP,Y Combinator,https://www.ycombinator.com/companies/binary-thumb,Grid,0,2026-08-15T17:16:40.310053+00:00
1.0,STARTUP,Y Combinator,https://www.ycombinator.com/companies/eligible,Eligible,,2026-08-15T17:16:40.310056+00:00
1.0,STARTUP,Y Combinator,https://www.ycombinator.com/companies/crohnology-by-healthy-labs,Crohnology (by Healthy Labs),1,2026-08-15T17:16:40.310059+00:00
1.0,STARTUP,Y Combinator,https://www.ycombinator.com/companies/braintripping,BrainTripping,1,2026-08-15T17:16:40.310063+00:00
1.0,STARTUP,Y Combinator,https://www.ycombinator.com/companies/markupwand,Markupwand,3,2026-08-15T17:16:40.310066+00:00
1.0,STARTUP,Y Combinator,https://www.ycombinator.com/companies/hiptype,Hiptype,2,2026-08-15T17:16:40.310079+00:00
1.0,STARTUP,Y Combinator,https://www.ycombinator.com/companies/kippt,Kippt,2,2026-08-15T17:16:40.310082+00:00
1.0,STARTUP,Y Combinator,https://www.ycombinator.com/companies/easel,Easel,2,2026-08-15T17:16:40.310085+00:00
1.0,STARTUP,Y Combinator,https://www.ycombinator.com/companies/hipset,Hipset,0,2026-08-15T17:16:40.310088+00:00
1.0,STARTUP,Y Combinator,https://www.ycombinator.com/companies/filestack,FileStack,50,2026-08-15T17:16:40.310092+00:00
1.0,STARTUP,Y Combinator,https://www.ycombinator.com/companies/collections,Collections,2,2026-08-15T17:16:40.310095+00:00
1.0,STARTUP,Y Combinator,https://www.ycombinator.com/companies/dreamforge,Dreamforge,2,2026-08-15T17:16:40.310098+00:00
1.0,STARTUP,Y Combinator,https://www.ycombinator.com/companies/upwave,Upwave,50,2026-08-15T17:16:40.310101+00:00
1.0,STARTUP,Y Combinator,https://www.ycombinator.com/companies/lever,Lever,225,2026-08-15T17:16:40.310104+00:00
1.0,STARTUP,Y Combinator,https://www.ycombinator.com/companies/reelsurfer,ReelSurfer,2,2026-08-15T17:16:40.310124+00:00
1.0,STARTUP,Y Combinator,https://www.ycombinator.com/companies/keychain-logistics,Keychain Logistics,2,2026-08-15T17:16:40.310128+00:00
1.0,STARTUP,Y Combinator,https://www.ycombinator.com/companies/octavewealth,OctaveWealth,2,2026-08-15T17:16:40.310131+00:00
1.0,STARTUP,Y Combinator,https://www.ycombinator.com/companies/bufferbox,BufferBox,2,2026-08-15T17:16:40.310134+00:00
1.0,STARTUP,Y Combinator,https://www.ycombinator.com/companies/natero,Natero,11,2026-08-15T17:16:40.310137+00:00
1.0,STARTUP,Y Combinator,https://www.ycombinator.com/companies/profig,Profig,2,2026-08-15T17:16:40.310140+00:00
1.0,STARTUP,Y Combinator,https://www.ycombinator.com/companies/partnered,Partnered,11,2026-08-15T17:16:40.310143+00:00
1.0,STARTUP,Y Combinator,https://www.ycombinator.com/companies/newsblur,NewsBlur,1,2026-08-15T17:16:40.310147+00:00
1.0,STARTUP,Y Combinator,https://www.ycombinator.com/companies/coinbase,Coinbase,6112,2026-08-15T17:16:40.310150+00:00
1.0,STARTUP,Y Combinator,https://www.ycombinator.com/companies/submittable,Submittable,302,2026-08-15T17:16:40.310153+00:00
1.0,STARTUP,Y Combinator,https://www.ycombinator.com/companies/mattermark,Mattermark,11,2026-08-15T17:16:40.310156+00:00
1.0,STARTUP,Y Combinator,https://www.ycombinator.com/companies/zapier,Zapier,700,2026-08-15T17:16:40.310160+00:00
1.0,STARTUP,Y Combinator,https://www.ycombinator.com/companies/voicegem,VoiceGem,2,2026-08-15T17:16:40.310163+00:00
1.0,STARTUP,Y Combinator,https://www.ycombinator.com/companies/backerkit,BackerKit,42,2026-08-15T17:16:40.310166+00:00
1.0,STARTUP,Y Combinator,https://www.ycombinator.com/companies/benchling,Benchling,750,2026-08-15T17:16:40.310169+00:00
1.0,STARTUP,Y Combinator,https://www.ycombinator.com/companies/flightfox,Flightfox,25,2026-08-15T17:16:40.310172+00:00
1.0,STARTUP,Y Combinator,https://www.ycombinator.com/companies/coco-controller,Coco Controller,0,2026-08-15T17:16:40.310175+00:00
1.0,STARTUP,Y Combinator,https://www.ycombinator.com/companies/tastemaker,Tastemaker,11,2026-08-15T17:16:40.310178+00:00
1.0,STARTUP,Y Combinator,https://www.ycombinator.com/companies/goscale,GoScale,2,2026-08-15T17:16:40.310181+00:00
1.0,STARTUP,Y Combinator,https://www.ycombinator.com/companies/registrylove,RegistryLove,11,2026-08-15T17:16:40.310184+00:00
1.0,STARTUP,Y Combinator,https://www.ycombinator.com/companies/credictive,Credictive,0,2026-08-15T17:16:40.310188+00:00
1.0,STARTUP,Y Combinator,https://www.ycombinator.com/companies/microeval,MicroEval,2,2026-08-15T17:16:40.310191+00:00
1.0,STARTUP,Y Combinator,https://www.ycombinator.com/companies/everyday-me,Everyday.me,11,2026-08-15T17:16:40.310193+00:00
1.0,STARTUP,Y Combinator,https://www.ycombinator.com/companies/celery,Celery,11,2026-08-15T17:16:40.310196+00:00
1.0,STARTUP,Y Combinator,https://www.ycombinator.com/companies/virool,Virool,51,2026-08-15T17:16:40.310199+00:00
1.0,STARTUP,Y Combinator,https://www.ycombinator.com/companies/parallel-universe,Parallel Universe,2,2026-08-15T17:16:40.310202+00:00
1.0,STARTUP,Y Combinator,https://www.ycombinator.com/companies/viacycle,Viacycle,2,2026-08-15T17:16:40.310205+00:00
1.0,STARTUP,Y Combinator,https://www.ycombinator.com/companies/assorted-bits,Assorted Bits,0,2026-08-15T17:16:40.310208+00:00
1.0,STARTUP,Y Combinator,https://www.ycombinator.com/companies/scoutzie,Scoutzie,2,2026-08-15T17:16:40.310211+00:00
1.0,STARTUP,Y Combinator,https://www.ycombinator.com/companies/vastrm,Vastrm,2,2026-08-15T17:16:40.310214+00:00
1.0,STARTUP,Y Combinator,https://www.ycombinator.com/companies/double-robotics,Double Robotics,11,2026-08-15T17:16:40.310217+00:00
1.0,STARTUP,Y Combinator,https://www.ycombinator.com/companies/study-edge,Study Edge,50,2026-08-15T17:16:40.310221+00:00
1.0,STARTUP,Y Combinator,https://www.ycombinator.com/companies/getgoing,GetGoing,11,2026-08-15T17:16:40.310224+00:00
1.0,STARTUP,Y Combinator,https://www.ycombinator.com/companies/plivo,Plivo,320,2026-08-15T17:16:40.310227+00:00
1.0,STARTUP,Y Combinator,https://www.ycombinator.com/companies/thread,Thread,92,2026-08-15T17:16:40.310230+00:00
1.0,STARTUP,Y Combinator,https://www.ycombinator.com/companies/light-table-eve,Light Table/Eve,5,2026-08-15T17:16:40.310233+00:00
1.0,STARTUP,Y Combinator,https://www.ycombinator.com/companies/svbtle,Svbtle,2,2026-08-15T17:16:40.310236+00:00
1.0,STARTUP,Y Combinator,https://www.ycombinator.com/companies/instacart,Instacart,3000,2026-08-15T17:16:40.310239+00:00
1.0,STARTUP,Y Combinator,https://www.ycombinator.com/companies/9gag,9gag,36,2026-08-15T17:16:40.310242+00:00
1.0,STARTUP,Y Combinator,https://www.ycombinator.com/companies/styleup,StyleUp,10,2026-08-15T17:16:40.310245+00:00
1.0,STARTUP,Y Combinator,https://www.ycombinator.com/companies/circuitlab,CircuitLab,2,2026-08-15T17:16:40.310248+00:00
1.0,STARTUP,Y Combinator,https://www.ycombinator.com/companies/screenhero,Screenhero,2,2026-08-15T17:16:40.310251+00:00
1.0,STARTUP,Y Combinator,https://www.ycombinator.com/companies/interana,Scuba,51,2026-08-15T17:16:40.310254+00:00
1.0,STARTUP,Y Combinator,https://www.ycombinator.com/companies/appcubator,Appcubator,0,2026-08-15T17:16:40.310257+00:00
1.0,STARTUP,Y Combinator,https://www.ycombinator.com/companies/north,North,51,2026-08-15T17:16:40.310260+00:00
1.0,STARTUP,Y Combinator,https://www.ycombinator.com/companies/swish,Swish,2,2026-08-15T17:16:40.310263+00:00
1.0,STARTUP,Y Combinator,https://www.ycombinator.com/companies/paytango,PayTango,2,2026-08-15T17:16:40.310265+00:00
1.0,STARTUP,Y Combinator,https://www.ycombinator.com/companies/vaycayhero,VaycayHero,55,2026-08-15T17:16:40.310268+00:00
1.0,STARTUP,Y Combinator,https://www.ycombinator.com/companies/buildzoom,BuildZoom,100,2026-08-15T17:16:40.310271+00:00
1.0,STARTUP,Y Combinator,https://www.ycombinator.com/companies/trainzen,Trainzen,2,2026-08-15T17:16:40.310274+00:00
1.0,STARTUP,Y Combinator,https://www.ycombinator.com/companies/padlet,Padlet,65,2026-08-15T17:16:40.310277+00:00
1.0,STARTUP,Y Combinator,https://www.ycombinator.com/companies/fivetran,Fivetran,1200,2026-08-15T17:16:40.310280+00:00
1.0,STARTUP,Y Combinator,https://www.ycombinator.com/companies/grepdata,GrepData,51,2026-08-15T17:16:40.310283+00:00
1.0,STARTUP,Y Combinator,https://www.ycombinator.com/companies/lawdingo,Lawdingo,,2026-08-15T17:16:40.310286+00:00
1.0,STARTUP,Y Combinator,https://www.ycombinator.com/companies/bitnami,Bitnami,75,2026-08-15T17:16:40.310289+00:00
1.0,STARTUP,Y Combinator,https://www.ycombinator.com/companies/cheetah,Cheetah,2,2026-08-15T17:16:40.310291+00:00
1.0,STARTUP,Y Combinator,https://www.ycombinator.com/companies/medisas,Medisas,11,2026-08-15T17:16:40.310295+00:00
1.0,STARTUP,Y Combinator,https://www.ycombinator.com/companies/etleap,Etleap,11,2026-08-15T17:16:40.310297+00:00
1.0,STARTUP,Y Combinator,https://www.ycombinator.com/companies/roverride,RoverRide,0,2026-08-15T17:16:40.310300+00:00
1.0,STARTUP,Y Combinator,https://www.ycombinator.com/companies/influxdata,InfluxData,210,2026-08-15T17:16:40.310303+00:00
1.0,STARTUP,Y Combinator,https://www.ycombinator.com/companies/strikingly,Strikingly,99,2026-08-15T17:16:40.310306+00:00
1.0,STARTUP,Y Combinator,https://www.ycombinator.com/companies/lollipuff,Lollipuff,11,2026-08-15T17:16:40.310309+00:00
1.0,STARTUP,Y Combinator,https://www.ycombinator.com/companies/radar,RADAR,120,2026-08-15T17:16:40.310312+00:00
1.0,STARTUP,Y Combinator,https://www.ycombinator.com/companies/meldium,Meldium,2,2026-08-15T17:16:40.310315+00:00
1.0,STARTUP,Y Combinator,https://www.ycombinator.com/companies/beatdeck,BeatDeck,2,2026-08-15T17:16:40.310318+00:00
1.0,STARTUP,Y Combinator,https://www.ycombinator.com/companies/swapbox,Swapbox,2,2026-08-15T17:16:40.310321+00:00
1.0,STARTUP,Y Combinator,https://www.ycombinator.com/companies/experiment,Experiment,1,2026-08-15T17:16:40.310324+00:00
1.0,STARTUP,Y Combinator,https://www.ycombinator.com/companies/heap,Heap,388,2026-08-15T17:16:40.310328+00:00
1.0,STARTUP,Y Combinator,https://www.ycombinator.com/companies/medxt,MedXT,2,2026-08-15T17:16:40.310330+00:00
1.0,STARTUP,Y Combinator,https://www.ycombinator.com/companies/simplyinsured,SimplyInsured,35,2026-08-15T17:16:40.310341+00:00
1.0,STARTUP,Y Combinator,https://www.ycombinator.com/companies/flightcar,FlightCar,51,2026-08-15T17:16:40.310344+00:00
1.0,STARTUP,Y Combinator,https://www.ycombinator.com/companies/crowdmed,CrowdMed,5,2026-08-15T17:16:40.310347+00:00
1.0,STARTUP,Y Combinator,https://www.ycombinator.com/companies/wefunder,Wefunder,35,2026-08-15T17:16:40.310350+00:00
1.0,STARTUP,Y Combinator,https://www.ycombinator.com/companies/coin,Coin,11,2026-08-15T17:16:40.310353+00:00
1.0,STARTUP,Y Combinator,https://www.ycombinator.com/companies/wevorce,Wevorce,11,2026-08-15T17:16:40.310356+00:00
1.0,STARTUP,Y Combinator,https://www.ycombinator.com/companies/kalibrr,Kalibrr,51,2026-08-15T17:16:40.310359+00:00
1.0,STARTUP,Y Combinator,https://www.ycombinator.com/companies/zenefits,Zenefits,500,2026-08-15T17:16:40.310362+00:00
1.0,STARTUP,Y Combinator,https://www.ycombinator.com/companies/goldbelly,Goldbelly,125,2026-08-15T17:16:40.310365+00:00
1.0,STARTUP,Y Combinator,https://www.ycombinator.com/companies/logiblock,Logiblock,0,2026-08-15T17:16:40.310368+00:00
1.0,STARTUP,Y Combinator,https://www.ycombinator.com/companies/semantics3,Semantics3,25,2026-08-15T17:16:40.310371+00:00
1.0,STARTUP,Y Combinator,https://www.ycombinator.com/companies/teespring,Teespring,201,2026-08-15T17:16:40.310374+00:00
1.0,STARTUP,Y Combinator,https://www.ycombinator.com/companies/airware,Airware,51,2026-08-15T17:16:40.310377+00:00
1.0,STARTUP,Y Combinator,https://www.ycombinator.com/companies/posmetrics,Posmetrics,2,2026-08-15T17:16:40.310380+00:00
1.0,STARTUP,Y Combinator,https://www.ycombinator.com/companies/prophecy-sciences,Prophecy Sciences,2,2026-08-15T17:16:40.310383+00:00
1.0,STARTUP,Y Combinator,https://www.ycombinator.com/companies/watsi,Watsi,11,2026-08-15T17:16:40.310386+00:00
1.0,STARTUP,Y Combinator,https://www.ycombinator.com/companies/7cups,7cups,11,2026-08-15T17:16:40.310389+00:00
1.0,STARTUP,Y Combinator,https://www.ycombinator.com/companies/urx,URX,11,2026-08-15T17:16:40.310392+00:00
1.0,STARTUP,Y Combinator,https://www.ycombinator.com/companies/teleborder,Teleborder,11,2026-08-15T17:16:40.310395+00:00
1.0,STARTUP,Y Combinator,https://www.ycombinator.com/companies/fanhero,FanHero,1,2026-08-15T17:16:40.310398+00:00
1.0,STARTUP,Y Combinator,https://www.ycombinator.com/companies/apptimize,Apptimize,50,2026-08-15T17:16:40.310401+00:00
1.0,STARTUP,Y Combinator,https://www.ycombinator.com/companies/asseta,Asseta,4,2026-08-15T17:16:40.310404+00:00
1.0,STARTUP,Y Combinator,https://www.ycombinator.com/companies/standard-treasury,Standard Treasury,0,2026-08-15T17:16:40.310407+00:00
1.0,STARTUP,Y Combinator,https://www.ycombinator.com/companies/bloomthat,BloomThat,11,2026-08-15T17:16:40.310410+00:00
1.0,STARTUP,Y Combinator,https://www.ycombinator.com/companies/stackmachine,StackMachine,2,2026-08-15T17:16:40.310413+00:00
1.0,STARTUP,Y Combinator,https://www.ycombinator.com/companies/hackermeter,Hackermeter,11,2026-08-15T17:16:40.310416+00:00
1.0,STARTUP,Y Combinator,https://www.ycombinator.com/companies/buttercoin,Buttercoin,11,2026-08-15T17:16:40.310419+00:00
1.0,STARTUP,Y Combinator,https://www.ycombinator.com/companies/coreos,CoreOS,150,2026-08-15T17:16:40.310422+00:00
1.0,STARTUP,Y Combinator,https://www.ycombinator.com/companies/crowdery,Crowdery,2,2026-08-15T17:16:40.310425+00:00
1.0,STARTUP,Y Combinator,https://www.ycombinator.com/companies/gocomm,GoComm,2,2026-08-15T17:16:40.310428+00:00
1.0,STARTUP,Y Combinator,https://www.ycombinator.com/companies/doordash,DoorDash,8600,2026-08-15T17:16:40.310431+00:00
1.0,STARTUP,Y Combinator,https://www.ycombinator.com/companies/easypost,EasyPost,51,2026-08-15T17:16:40.310434+00:00
1.0,STARTUP,Y Combinator,https://www.ycombinator.com/companies/simplelegal,SimpleLegal,60,2026-08-15T17:16:40.310437+00:00
1.0,STARTUP,Y Combinator,https://www.ycombinator.com/companies/estimote-inc,"Estimote, Inc.",40,2026-08-15T17:16:40.310440+00:00
1.0,STARTUP,Y Combinator,https://www.ycombinator.com/companies/floobits,Floobits,2,2026-08-15T17:16:40.310443+00:00
1.0,STARTUP,Y Combinator,https://www.ycombinator.com/companies/glio,Glio,2,2026-08-15T17:16:40.310447+00:00
1.0,STARTUP,Y Combinator,https://www.ycombinator.com/companies/graft-concepts,Graft Concepts,2,2026-08-15T17:16:40.310449+00:00
1.0,STARTUP,Y Combinator,https://www.ycombinator.com/companies/hum,Hum,11,2026-08-15T17:16:40.310452+00:00
1.0,STARTUP,Y Combinator,https://www.ycombinator.com/companies/cratejoy,Cratejoy,51,2026-08-15T17:16:40.310455+00:00
1.0,STARTUP,Y Combinator,https://www.ycombinator.com/companies/spoonrocket,SpoonRocket,51,2026-08-15T17:16:40.310458+00:00
1.0,STARTUP,Y Combinator,https://www.ycombinator.com/companies/casetext,Casetext,50,2026-08-15T17:16:40.310461+00:00
1.0,STARTUP,Y Combinator,https://www.ycombinator.com/companies/layer-by-layer,Layer By Layer,2,2026-08-15T17:16:40.310464+00:00
1.0,STARTUP,Y Combinator,https://www.ycombinator.com/companies/le-tote,Le Tote,201,2026-08-15T17:16:40.310467+00:00
1.0,STARTUP,Y Combinator,https://www.ycombinator.com/companies/localon,LocalOn,2,2026-08-15T17:16:40.310470+00:00
1.0,STARTUP,Y Combinator,https://www.ycombinator.com/companies/senic,Senic,16,2026-08-15T17:16:40.310473+00:00
1.0,STARTUP,Y Combinator,https://www.ycombinator.com/companies/meta,Meta,11,2026-08-15T17:16:40.310476+00:00
1.0,STARTUP,Y Combinator,https://www.ycombinator.com/companies/one-month,One Month,1,2026-08-15T17:16:40.310479+00:00
1.0,STARTUP,Y Combinator,https://www.ycombinator.com/companies/panorama-education,Panorama Education,350,2026-08-15T17:16:40.310482+00:00
1.0,STARTUP,Y Combinator,https://www.ycombinator.com/companies/watchsend,Watchsend,2,2026-08-15T17:16:40.310485+00:00
1.0,STARTUP,Y Combinator,https://www.ycombinator.com/companies/lob,Lob,150,2026-08-15T17:16:40.310488+00:00
1.0,STARTUP,Y Combinator,https://www.ycombinator.com/companies/amulyte,Amulyte,2,2026-08-15T17:16:40.310491+00:00
1.0,STARTUP,Y Combinator,https://www.ycombinator.com/companies/realcrowd,RealCrowd,9,2026-08-15T17:16:40.310494+00:00
1.0,STARTUP,Y Combinator,https://www.ycombinator.com/companies/reebee,Reebee,11,2026-08-15T17:16:40.310497+00:00
1.0,STARTUP,Y Combinator,https://www.ycombinator.com/companies/arcus,Arcus,100,2026-08-15T17:16:40.310500+00:00
1.0,STARTUP,Y Combinator,https://www.ycombinator.com/companies/audobox,Audobox,0,2026-08-15T17:16:40.310503+00:00
1.0,STARTUP,Y Combinator,https://www.ycombinator.com/companies/bop-fm,Bop.fm,2,2026-08-15T17:16:40.310506+00:00
1.0,STARTUP,Y Combinator,https://www.ycombinator.com/companies/butter-systems,Butter Systems,2,2026-08-15T17:16:40.310509+00:00
1.0,STARTUP,Y Combinator,https://www.ycombinator.com/companies/statuspage,StatusPage,,2026-08-15T17:16:40.310512+00:00
1.0,STARTUP,Y Combinator,https://www.ycombinator.com/companies/lumoid,Lumoid,11,2026-08-15T17:16:40.310515+00:00
1.0,STARTUP,Y Combinator,https://www.ycombinator.com/companies/soundfocus,SoundFocus,2,2026-08-15T17:16:40.310518+00:00
1.0,STARTUP,Y Combinator,https://www.ycombinator.com/companies/true-link,True Link,100,2026-08-15T17:16:40.310521+00:00
1.0,STARTUP,Y Combinator,https://www.ycombinator.com/companies/datarank,Datarank,11,2026-08-15T17:16:40.310524+00:00
1.0,STARTUP,Y Combinator,https://www.ycombinator.com/companies/kivo,Kivo,2,2026-08-15T17:16:40.310527+00:00
1.0,STARTUP,Y Combinator,https://www.ycombinator.com/companies/webflow,Webflow,600,2026-08-15T17:16:40.310530+00:00
1.0,STARTUP,Y Combinator,https://www.ycombinator.com/companies/weilos,Weilos,11,2026-08-15T17:16:40.310533+00:00
1.0,STARTUP,Y Combinator,https://www.ycombinator.com/companies/webcake,WebCake,0,2026-08-15T17:16:40.310536+00:00
1.0,STARTUP,Y Combinator,https://www.ycombinator.com/companies/ixiplay,Ixiplay,2,2026-08-15T17:16:40.310539+00:00
1.0,STARTUP,Y Combinator,https://www.ycombinator.com/companies/echo-locker,Echo Locker,2,2026-08-15T17:16:40.310542+00:00
1.0,STARTUP,Y Combinator,https://www.ycombinator.com/companies/42,42,,2026-08-15T17:16:40.310545+00:00
1.0,STARTUP,Y Combinator,https://www.ycombinator.com/companies/abacus,Abacus,30,2026-08-15T17:16:40.310548+00:00
1.0,STARTUP,Y Combinator,https://www.ycombinator.com/companies/boostable,Boostable,11,2026-08-15T17:16:40.310558+00:00
1.0,STARTUP,Y Combinator,https://www.ycombinator.com/companies/airhelp,AirHelp,350,2026-08-15T17:16:40.310561+00:00
1.0,STARTUP,Y Combinator,https://www.ycombinator.com/companies/two-tap,Two Tap,11,2026-08-15T17:16:40.310564+00:00
1.0,STARTUP,Y Combinator,https://www.ycombinator.com/companies/ambition,Ambition,55,2026-08-15T17:16:40.310567+00:00
1.0,STARTUP,Y Combinator,https://www.ycombinator.com/companies/caremessage,CareMessage,45,2026-08-15T17:16:40.310570+00:00
1.0,STARTUP,Y Combinator,https://www.ycombinator.com/companies/aptdeco,AptDeco,,2026-08-15T17:16:40.310574+00:00
1.0,STARTUP,Y Combinator,https://www.ycombinator.com/companies/awesometalk,Awesometalk,2,2026-08-15T17:16:40.310577+00:00
1.0,STARTUP,Y Combinator,https://www.ycombinator.com/companies/bellabeat,Bellabeat,134,2026-08-15T17:16:40.310580+00:00
1.0,STARTUP,Y Combinator,https://www.ycombinator.com/companies/chargehound,Chargehound,13,2026-08-15T17:16:40.310582+00:00
1.0,STARTUP,Y Combinator,https://www.ycombinator.com/companies/cambly,Cambly,200,2026-08-15T17:16:40.310586+00:00
1.0,STARTUP,Y Combinator,https://www.ycombinator.com/companies/futureleague,Futureleague,10,2026-08-15T17:16:40.310589+00:00
1.0,STARTUP,Y Combinator,https://www.ycombinator.com/companies/noora-health,Noora Health,500,2026-08-15T17:16:40.310592+00:00
1.0,STARTUP,Y Combinator,https://www.ycombinator.com/companies/codecombat,CodeCombat,45,2026-08-15T17:16:40.310595+00:00
1.0,STARTUP,Y Combinator,https://www.ycombinator.com/companies/codenow,CodeNow,2,2026-08-15T17:16:40.310598+00:00
1.0,STARTUP,Y Combinator,https://www.ycombinator.com/companies/threadable,Threadable,2,2026-08-15T17:16:40.310601+00:00
1.0,STARTUP,Y Combinator,https://www.ycombinator.com/companies/cruise,Cruise,3000,2026-08-15T17:16:40.310603+00:00
1.0,STARTUP,Y Combinator,https://www.ycombinator.com/companies/dating-ring,Dating Ring,2,2026-08-15T17:16:40.310606+00:00
1.0,STARTUP,Y Combinator,https://www.ycombinator.com/companies/yumbin,Yumbin,0,2026-08-15T17:16:40.310609+00:00
1.0,STARTUP,Y Combinator,https://www.ycombinator.com/companies/drive-pulse,Drive Pulse,2,2026-08-15T17:16:40.310612+00:00
1.0,STARTUP,Y Combinator,https://www.ycombinator.com/companies/eventjoy,Eventjoy,2,2026-08-15T17:16:40.310615+00:00
1.0,STARTUP,Y Combinator,https://www.ycombinator.com/companies/flexport,Flexport,3000,2026-08-15T17:16:40.310618+00:00
1.0,STARTUP,Y Combinator,https://www.ycombinator.com/companies/axoni,Axoni,155,2026-08-15T17:16:40.310622+00:00
1.0,STARTUP,Y Combinator,https://www.ycombinator.com/companies/kimono-labs,Kimono Labs,11,2026-08-15T17:16:40.310624+00:00
1.0,STARTUP,Y Combinator,https://www.ycombinator.com/companies/kuna-systems,Kuna Systems,11,2026-08-15T17:16:40.310628+00:00
1.0,STARTUP,Y Combinator,https://www.ycombinator.com/companies/devcycle,DevCycle,55,2026-08-15T17:16:40.310630+00:00
1.0,STARTUP,Y Combinator,https://www.ycombinator.com/companies/madesolid,MadeSolid,2,2026-08-15T17:16:40.310633+00:00
1.0,STARTUP,Y Combinator,https://www.ycombinator.com/companies/emailio,Emailio,5,2026-08-15T17:16:40.310636+00:00
1.0,STARTUP,Y Combinator,https://www.ycombinator.com/companies/mbx,MBX,150,2026-08-15T17:16:40.310639+00:00
1.0,STARTUP,Y Combinator,https://www.ycombinator.com/companies/motionlead,Motionlead,11,2026-08-15T17:16:40.310642+00:00
1.0,STARTUP,Y Combinator,https://www.ycombinator.com/companies/move-loot,Move Loot,51,2026-08-15T17:16:40.310645+00:00
1.0,STARTUP,Y Combinator,https://www.ycombinator.com/companies/next-caller,Next Caller,20,2026-08-15T17:16:40.310648+00:00
1.0,STARTUP,Y Combinator,https://www.ycombinator.com/companies/hoverchat,HoverChat,11,2026-08-15T17:16:40.310651+00:00
1.0,STARTUP,Y Combinator,https://www.ycombinator.com/companies/one-degree,One Degree,14,2026-08-15T17:16:40.310654+00:00
1.0,STARTUP,Y Combinator,https://www.ycombinator.com/companies/stacklead,StackLead,2,2026-08-15T17:16:40.310657+00:00
1.0,STARTUP,Y Combinator,https://www.ycombinator.com/companies/theorem,Theorem,34,2026-08-15T17:16:40.310660+00:00
1.0,STARTUP,Y Combinator,https://www.ycombinator.com/companies/liftigniter,Liftigniter,11,2026-08-15T17:16:40.310663+00:00
1.0,STARTUP,Y Combinator,https://www.ycombinator.com/companies/piinpoint,PiinPoint,20,2026-08-15T17:16:40.310666+00:00
1.0,STARTUP,Y Combinator,https://www.ycombinator.com/companies/pipelinedb,PipelineDB,2,2026-08-15T17:16:40.310669+00:00
1.0,STARTUP,Y Combinator,https://www.ycombinator.com/companies/povio,Povio,250,2026-08-15T17:16:40.310672+00:00
1.0,STARTUP,Y Combinator,https://www.ycombinator.com/companies/pushbullet,Pushbullet,3,2026-08-15T17:16:40.310675+00:00
1.0,STARTUP,Y Combinator,https://www.ycombinator.com/companies/rickshaw,Rickshaw,11,2026-08-15T17:16:40.310678+00:00
1.0,STARTUP,Y Combinator,https://www.ycombinator.com/companies/rocketrip,Rocketrip,68,2026-08-15T17:16:40.310681+00:00
1.0,STARTUP,Y Combinator,https://www.ycombinator.com/companies/shoobs,Shoobs,5,2026-08-15T17:16:40.310684+00:00
1.0,STARTUP,Y Combinator,https://www.ycombinator.com/companies/sketchdeck,SketchDeck,20,2026-08-15T17:16:40.310686+00:00
1.0,STARTUP,Y Combinator,https://www.ycombinator.com/companies/merrymint,MerryMint,1,2026-08-15T17:16:40.310689+00:00
1.0,STARTUP,Y Combinator,https://www.ycombinator.com/companies/snapdocs,Snapdocs,285,2026-08-15T17:16:40.310692+00:00
1.0,STARTUP,Y Combinator,https://www.ycombinator.com/companies/shopagram,Shopagram,1,2026-08-15T17:16:40.310695+00:00
1.0,STARTUP,Y Combinator,https://www.ycombinator.com/companies/edyn,Edyn,2,2026-08-15T17:16:40.310698+00:00
1.0,STARTUP,Y Combinator,https://www.ycombinator.com/companies/style-lend,Style Lend,2,2026-08-15T17:16:40.310701+00:00
1.0,STARTUP,Y Combinator,https://www.ycombinator.com/companies/guesty,Guesty,700,2026-08-15T17:16:40.310704+00:00
1.0,STARTUP,Y Combinator,https://www.ycombinator.com/companies/terravion,Terravion,11,2026-08-15T17:16:40.310707+00:00
1.0,STARTUP,Y Combinator,https://www.ycombinator.com/companies/truevault,TrueVault,,2026-08-15T17:16:40.310710+00:00
1.0,STARTUP,Y Combinator,https://www.ycombinator.com/companies/unicornly,Unicornly,2,2026-08-15T17:16:40.310713+00:00
1.0,STARTUP,Y Combinator,https://www.ycombinator.com/companies/weave,Weave,600,2026-08-15T17:16:40.310716+00:00
1.0,STARTUP,Y Combinator,https://www.ycombinator.com/companies/wit-ai,Wit.ai,11,2026-08-15T17:16:40.310719+00:00
1.0,STARTUP,Y Combinator,https://www.ycombinator.com/companies/zesty,Zesty,51,2026-08-15T17:16:40.310722+00:00
1.0,STARTUP,Y Combinator,https://www.ycombinator.com/companies/zidisha,Zidisha,1,2026-08-15T17:16:40.310724+00:00
1.0,STARTUP,Y Combinator,https://www.ycombinator.com/companies/zinc,Zinc,10,2026-08-15T17:16:40.310727+00:00
1.0,STARTUP,Y Combinator,https://www.ycombinator.com/companies/zowpow,ZowPow,2,2026-08-15T17:16:40.310730+00:00
1.0,STARTUP,Y Combinator,https://www.ycombinator.com/companies/algolia,Algolia,810,2026-08-15T17:16:40.310733+00:00
1.0,STARTUP,Y Combinator,https://www.ycombinator.com/companies/gobble,Gobble,73,2026-08-15T17:16:40.310737+00:00
1.0,STARTUP,Y Combinator,https://www.ycombinator.com/companies/airpair,AirPair,2,2026-08-15T17:16:40.310740+00:00
1.0,STARTUP,Y Combinator,https://www.ycombinator.com/companies/gbatteries,GBatteries,25,2026-08-15T17:16:40.310743+00:00
1.0,STARTUP,Y Combinator,https://www.ycombinator.com/companies/unbabel,Unbabel,350,2026-08-15T17:16:40.310746+00:00
1.0,STARTUP,Y Combinator,https://www.ycombinator.com/companies/mixerbox,MixerBox,30,2026-08-15T17:16:40.310749+00:00
1.0,STARTUP,Y Combinator,https://www.ycombinator.com/companies/opencurriculum,OpenCurriculum,,2026-08-15T17:16:40.310752+00:00
1.0,STARTUP,Y Combinator,https://www.ycombinator.com/companies/dyspatch,Dyspatch,20,2026-08-15T17:16:40.310755+00:00
1.0,STARTUP,Y Combinator,https://www.ycombinator.com/companies/whirlscape,Whirlscape,3,2026-08-15T17:16:40.310758+00:00
1.0,STARTUP,Y Combinator,https://www.ycombinator.com/companies/avametric,Avametric,11,2026-08-15T17:16:40.310761+00:00
1.0,STARTUP,Y Combinator,https://www.ycombinator.com/companies/framed-data,Framed Data,2,2026-08-15T17:16:40.310764+00:00
1.0,STARTUP,Y Combinator,https://www.ycombinator.com/companies/immunity-project,Immunity Project,11,2026-08-15T17:16:40.310774+00:00
1.0,STARTUP,Y Combinator,https://www.ycombinator.com/companies/vidpresso,Vidpresso,7,2026-08-15T17:16:40.310777+00:00
1.0,STARTUP,Y Combinator,https://www.ycombinator.com/companies/aptible,Aptible,25,2026-08-15T17:16:40.310784+00:00
1.0,STARTUP,Y Combinator,https://www.ycombinator.com/companies/zip-phone,Zip Phone,1,2026-08-15T17:16:40.310787+00:00
1.0,STARTUP,Y Combinator,https://www.ycombinator.com/companies/backpack,Backpack,2,2026-08-15T17:16:40.310790+00:00
1.0,STARTUP,Y Combinator,https://www.ycombinator.com/companies/bannerman,Bannerman,3,2026-08-15T17:16:40.310793+00:00
1.0,STARTUP,Y Combinator,https://www.ycombinator.com/companies/parenthoods,Parenthoods,2,2026-08-15T17:16:40.310796+00:00
1.0,STARTUP,Y Combinator,https://www.ycombinator.com/companies/springwit,SpringWit,0,2026-08-15T17:16:40.310799+00:00
1.0,STARTUP,Y Combinator,https://www.ycombinator.com/companies/bikanta,Bikanta,2,2026-08-15T17:16:40.310802+00:00
1.0,STARTUP,Y Combinator,https://www.ycombinator.com/companies/billforward,Billforward,8,2026-08-15T17:16:40.310805+00:00
1.0,STARTUP,Y Combinator,https://www.ycombinator.com/companies/bitaccess,Bitaccess,55,2026-08-15T17:16:40.310807+00:00
1.0,STARTUP,Y Combinator,https://www.ycombinator.com/companies/carlypso,Carlypso,11,2026-08-15T17:16:40.310810+00:00
1.0,STARTUP,Y Combinator,https://www.ycombinator.com/companies/checkr,Checkr,800,2026-08-15T17:16:40.310814+00:00
1.0,STARTUP,Y Combinator,https://www.ycombinator.com/companies/clara-labs,Clara Labs,20,2026-08-15T17:16:40.310816+00:00
1.0,STARTUP,Y Combinator,https://www.ycombinator.com/companies/cleartax,Clear,900,2026-08-15T17:16:40.310819+00:00
1.0,STARTUP,Y Combinator,https://www.ycombinator.com/companies/craft-coffee,Craft Coffee,,2026-08-15T17:16:40.310822+00:00
1.0,STARTUP,Y Combinator,https://www.ycombinator.com/companies/persistiq,PersistIQ,10,2026-08-15T17:16:40.310825+00:00
1.0,STARTUP,Y Combinator,https://www.ycombinator.com/companies/doblet,Doblet,2,2026-08-15T17:16:40.310828+00:00
1.0,STARTUP,Y Combinator,https://www.ycombinator.com/companies/owners-circle,Owners Circle,2,2026-08-15T17:16:40.310831+00:00
1.0,STARTUP,Y Combinator,https://www.ycombinator.com/companies/fixed,Fixed,2,2026-08-15T17:16:40.310834+00:00
1.0,STARTUP,Y Combinator,https://www.ycombinator.com/companies/flaviar,Flaviar,60,2026-08-15T17:16:40.310837+00:00
1.0,STARTUP,Y Combinator,https://www.ycombinator.com/companies/flytenow,Flytenow,3,2026-08-15T17:16:40.310839+00:00
1.0,STARTUP,Y Combinator,https://www.ycombinator.com/companies/hyperpad,Hyperpad,4,2026-08-15T17:16:40.310842+00:00
1.0,STARTUP,Y Combinator,https://www.ycombinator.com/companies/taxa-biotechnologies,TAXA Biotechnologies,2,2026-08-15T17:16:40.310845+00:00
1.0,STARTUP,Y Combinator,https://www.ycombinator.com/companies/govpredict,GovPredict,60,2026-08-15T17:16:40.310848+00:00
1.0,STARTUP,Y Combinator,https://www.ycombinator.com/companies/blockspring,Blockspring,3,2026-08-15T17:16:40.310851+00:00
1.0,STARTUP,Y Combinator,https://www.ycombinator.com/companies/greentoe,Greentoe,5,2026-08-15T17:16:40.310854+00:00
1.0,STARTUP,Y Combinator,https://www.ycombinator.com/companies/hublo,Hublo,2,2026-08-15T17:16:40.310857+00:00
1.0,STARTUP,Y Combinator,https://www.ycombinator.com/companies/vizeralabs,VizeraLabs,2,2026-08-15T17:16:40.310859+00:00
1.0,STARTUP,Y Combinator,https://www.ycombinator.com/companies/impraise,Impraise,35,2026-08-15T17:16:40.310862+00:00
1.0,STARTUP,Y Combinator,https://www.ycombinator.com/companies/protocol-labs,Protocol Labs,130,2026-08-15T17:16:40.310866+00:00
1.0,STARTUP,Y Combinator,https://www.ycombinator.com/companies/kash,Kash,11,2026-08-15T17:16:40.310869+00:00
1.0,STARTUP,Y Combinator,https://www.ycombinator.com/companies/lawn-love,Lawn Love,150,2026-08-15T17:16:40.310872+00:00
1.0,STARTUP,Y Combinator,https://www.ycombinator.com/companies/listrunner,ListRunner,2,2026-08-15T17:16:40.310875+00:00
1.0,STARTUP,Y Combinator,https://www.ycombinator.com/companies/replenish,Replenish,11,2026-08-15T17:16:40.310878+00:00
1.0,STARTUP,Y Combinator,https://www.ycombinator.com/companies/metricwire,MetricWire,3,2026-08-15T17:16:40.310881+00:00
1.0,STARTUP,Y Combinator,https://www.ycombinator.com/companies/mtailor,MTailor,11,2026-08-15T17:16:40.310884+00:00
1.0,STARTUP,Y Combinator,https://www.ycombinator.com/companies/naytev,Naytev,3,2026-08-15T17:16:40.310887+00:00
1.0,STARTUP,Y Combinator,https://www.ycombinator.com/companies/neptune-io,Neptune.io,11,2026-08-15T17:16:40.310889+00:00
1.0,STARTUP,Y Combinator,https://www.ycombinator.com/companies/alchemy,Alchemy,25,2026-08-15T17:16:40.310892+00:00
1.0,STARTUP,Y Combinator,https://www.ycombinator.com/companies/nightingale,Nightingale,2,2026-08-15T17:16:40.310895+00:00
1.0,STARTUP,Y Combinator,https://www.ycombinator.com/companies/permutive,Permutive,205,2026-08-15T17:16:40.310898+00:00
1.0,STARTUP,Y Combinator,https://www.ycombinator.com/companies/picnicai,PicnicAI,100,2026-08-15T17:16:40.310901+00:00
1.0,STARTUP,Y Combinator,https://www.ycombinator.com/companies/in-your-corner,In Your Corner,2,2026-08-15T17:16:40.310904+00:00
1.0,STARTUP,Y Combinator,https://www.ycombinator.com/companies/product-hunt,Product Hunt,18,2026-08-15T17:16:40.310907+00:00
1.0,STARTUP,Y Combinator,https://www.ycombinator.com/companies/cheddar,Cheddar,2,2026-08-15T17:16:40.310910+00:00
1.0,STARTUP,Y Combinator,https://www.ycombinator.com/companies/rigetti-computing,Rigetti Computing,51,2026-08-15T17:16:40.310913+00:00
1.0,STARTUP,Y Combinator,https://www.ycombinator.com/companies/roost,Roost,2,2026-08-15T17:16:40.310916+00:00
1.0,STARTUP,Y Combinator,https://www.ycombinator.com/companies/sfox,SFOX,60,2026-08-15T17:16:40.310918+00:00
1.0,STARTUP,Y Combinator,https://www.ycombinator.com/companies/usergems,UserGems,100,2026-08-15T17:16:40.310921+00:00
1.0,STARTUP,Y Combinator,https://www.ycombinator.com/companies/apto-payments,Apto Payments,32,2026-08-15T17:16:40.310924+00:00
1.0,STARTUP,Y Combinator,https://www.ycombinator.com/companies/shipbob,ShipBob,1,2026-08-15T17:16:40.310927+00:00
1.0,STARTUP,Y Combinator,https://www.ycombinator.com/companies/shout,Shout,2,2026-08-15T17:16:40.310930+00:00
1.0,STARTUP,Y Combinator,https://www.ycombinator.com/companies/salessift,SalesSift,2,2026-08-15T17:16:40.310933+00:00
1.0,STARTUP,Y Combinator,https://www.ycombinator.com/companies/spotangels,SpotAngels,11,2026-08-15T17:16:40.310936+00:00
1.0,STARTUP,Y Combinator,https://www.ycombinator.com/companies/hauteday,HauteDay,2,2026-08-15T17:16:40.310939+00:00
1.0,STARTUP,Y Combinator,https://www.ycombinator.com/companies/tenjin,Tenjin,30,2026-08-15T17:16:40.310942+00:00
1.0,STARTUP,Y Combinator,https://www.ycombinator.com/companies/paid,Paid,2,2026-08-15T17:16:40.310945+00:00
1.0,STARTUP,Y Combinator,https://www.ycombinator.com/companies/think-gaming,Think Gaming,1,2026-08-15T17:16:40.310947+00:00
1.0,STARTUP,Y Combinator,https://www.ycombinator.com/companies/hive,Hive,65,2026-08-15T17:16:40.310950+00:00
1.0,STARTUP,Y Combinator,https://www.ycombinator.com/companies/payable,Payable,2,2026-08-15T17:16:40.310953+00:00
1.0,STARTUP,Y Combinator,https://www.ycombinator.com/companies/tinker,Tinker,,2026-08-15T17:16:40.310956+00:00
1.0,STARTUP,Y Combinator,https://www.ycombinator.com/companies/tule,Tule,8,2026-08-15T17:16:40.310959+00:00
1.0,STARTUP,Y Combinator,https://www.ycombinator.com/companies/roomstorm,Roomstorm,4,2026-08-15T17:16:40.310962+00:00
1.0,STARTUP,Y Combinator,https://www.ycombinator.com/companies/weave-2,Weave,11,2026-08-15T17:16:40.310965+00:00
1.0,STARTUP,Y Combinator,https://www.ycombinator.com/companies/whirl,Whirl,2,2026-08-15T17:16:40.310967+00:00
1.0,STARTUP,Y Combinator,https://www.ycombinator.com/companies/women-com,Women.com,11,2026-08-15T17:16:40.310970+00:00
1.0,STARTUP,Y Combinator,https://www.ycombinator.com/companies/zoomer,Zoomer,51,2026-08-15T17:16:40.310973+00:00
1.0,STARTUP,Y Combinator,https://www.ycombinator.com/companies/beep,Beep,2,2026-08-15T17:16:40.310976+00:00
1.0,STARTUP,Y Combinator,https://www.ycombinator.com/companies/front,Front,385,2026-08-15T17:16:40.310979+00:00
1.0,STARTUP,Y Combinator,https://www.ycombinator.com/companies/cognito,Cognito,12,2026-08-15T17:16:40.310988+00:00
1.0,STARTUP,Y Combinator,https://www.ycombinator.com/companies/ginkgo-bioworks,Ginkgo Bioworks,641,2026-08-15T17:16:40.310991+00:00
1.0,STARTUP,Y Combinator,https://www.ycombinator.com/companies/helion-energy,Helion Energy,150,2026-08-15T17:16:40.310995+00:00
1.0,STARTUP,Y Combinator,https://www.ycombinator.com/companies/oklo,Oklo,50,2026-08-15T17:16:40.310998+00:00
1.0,STARTUP,Y Combinator,https://www.ycombinator.com/companies/bayes-impact,Bayes Impact,11,2026-08-15T17:16:40.311001+00:00
1.0,STARTUP,Y Combinator,https://www.ycombinator.com/companies/zenamins,Zenamins,2,2026-08-15T17:16:40.311004+00:00
1.0,STARTUP,Y Combinator,https://www.ycombinator.com/companies/one-codex,One Codex,16,2026-08-15T17:16:40.311006+00:00
1.0,STARTUP,Y Combinator,https://www.ycombinator.com/companies/ravti,Ravti,17,2026-08-15T17:16:40.311010+00:00
1.0,STARTUP,Y Combinator,https://www.ycombinator.com/companies/sliced-investing,Sliced Investing,11,2026-08-15T17:16:40.311012+00:00
1.0,STARTUP,Y Combinator,https://www.ycombinator.com/companies/unwind-me,Unwind Me,2,2026-08-15T17:16:40.311015+00:00
1.0,STARTUP,Y Combinator,https://www.ycombinator.com/companies/notable-labs,Notable Labs,40,2026-08-15T17:16:40.311018+00:00
1.0,STARTUP,Y Combinator,https://www.ycombinator.com/companies/qventus,Qventus,230,2026-08-15T17:16:40.311021+00:00
1.0,STARTUP,Y Combinator,https://www.ycombinator.com/companies/3dot,3dot,2,2026-08-15T17:16:40.311024+00:00
1.0,STARTUP,Y Combinator,https://www.ycombinator.com/companies/final,Final,11,2026-08-15T17:16:40.311027+00:00
1.0,STARTUP,Y Combinator,https://www.ycombinator.com/companies/pomello,Pomello,8,2026-08-15T17:16:40.311030+00:00
1.0,STARTUP,Y Combinator,https://www.ycombinator.com/companies/tech-in-asia,Tech in Asia,70,2026-08-15T17:16:40.311032+00:00
1.0,STARTUP,Y Combinator,https://www.ycombinator.com/companies/20n,20n,2,2026-08-15T17:16:40.311035+00:00
1.0,STARTUP,Y Combinator,https://www.ycombinator.com/companies/akido-labs,Akido Labs,1000,2026-08-15T17:16:40.311038+00:00
1.0,STARTUP,Y Combinator,https://www.ycombinator.com/companies/mezmo,Mezmo,172,2026-08-15T17:16:40.311041+00:00
1.0,STARTUP,Y Combinator,https://www.ycombinator.com/companies/smyte,Smyte,11,2026-08-15T17:16:40.311044+00:00
1.0,STARTUP,Y Combinator,https://www.ycombinator.com/companies/magic,Magic,350,2026-08-15T17:16:40.311047+00:00
1.0,STARTUP,Y Combinator,https://www.ycombinator.com/companies/bizzy,Bizzy,2,2026-08-15T17:16:40.311050+00:00
1.0,STARTUP,Y Combinator,https://www.ycombinator.com/companies/bluesmart,Bluesmart,51,2026-08-15T17:16:40.311052+00:00
1.0,STARTUP,Y Combinator,https://www.ycombinator.com/companies/booktrope,Booktrope,51,2026-08-15T17:16:40.311055+00:00
1.0,STARTUP,Y Combinator,https://www.ycombinator.com/companies/bright,Bright,100,2026-08-15T17:16:40.311058+00:00
1.0,STARTUP,Y Combinator,https://www.ycombinator.com/companies/numerion-labs,Numerion Labs,67,2026-08-15T17:16:40.311061+00:00
1.0,STARTUP,Y Combinator,https://www.ycombinator.com/companies/cribspot,Cribspot,2,2026-08-15T17:16:40.311064+00:00
1.0,STARTUP,Y Combinator,https://www.ycombinator.com/companies/cyberfend,CyberFend,2,2026-08-15T17:16:40.311067+00:00
1.0,STARTUP,Y Combinator,https://www.ycombinator.com/companies/democracy-earth,Democracy Earth,2,2026-08-15T17:16:40.311070+00:00
1.0,STARTUP,Y Combinator,https://www.ycombinator.com/companies/the-human-utility,The Human Utility,2,2026-08-15T17:16:40.311073+00:00
1.0,STARTUP,Y Combinator,https://www.ycombinator.com/companies/zeitview,Zeitview,200,2026-08-15T17:16:40.311076+00:00
1.0,STARTUP,Y Combinator,https://www.ycombinator.com/companies/bankjoy,Bankjoy,60,2026-08-15T17:16:40.311079+00:00
1.0,STARTUP,Y Combinator,https://www.ycombinator.com/companies/givemetap,GiveMeTap,1,2026-08-15T17:16:40.311082+00:00
1.0,STARTUP,Y Combinator,https://www.ycombinator.com/companies/sparkgift,SparkGift,2,2026-08-15T17:16:40.311085+00:00
1.0,STARTUP,Y Combinator,https://www.ycombinator.com/companies/groupahead,GroupAhead,2,2026-08-15T17:16:40.311087+00:00
1.0,STARTUP,Y Combinator,https://www.ycombinator.com/companies/grubmarket,GrubMarket,4548,2026-08-15T17:16:40.311090+00:00
1.0,STARTUP,Y Combinator,https://www.ycombinator.com/companies/worklife,WorkLife,2,2026-08-15T17:16:40.311093+00:00
1.0,STARTUP,Y Combinator,https://www.ycombinator.com/companies/higherme,HigherMe,45,2026-08-15T17:16:40.311096+00:00
1.0,STARTUP,Y Combinator,https://www.ycombinator.com/companies/instavest,Instavest,2,2026-08-15T17:16:40.311099+00:00
1.0,STARTUP,Y Combinator,https://www.ycombinator.com/companies/kickpay,Kickpay,2,2026-08-15T17:16:40.311102+00:00
1.0,STARTUP,Y Combinator,https://www.ycombinator.com/companies/labdoor,Labdoor,11,2026-08-15T17:16:40.311105+00:00
1.0,STARTUP,Y Combinator,https://www.ycombinator.com/companies/platzi,Platzi,123,2026-08-15T17:16:40.311108+00:00
1.0,STARTUP,Y Combinator,https://www.ycombinator.com/companies/omniref,Omniref,2,2026-08-15T17:16:40.311111+00:00
1.0,STARTUP,Y Combinator,https://www.ycombinator.com/companies/open-listings,Open Listings,48,2026-08-15T17:16:40.311113+00:00
1.0,STARTUP,Y Combinator,https://www.ycombinator.com/companies/pachyderm,Pachyderm,60,2026-08-15T17:16:40.311116+00:00
1.0,STARTUP,Y Combinator,https://www.ycombinator.com/companies/pakible,Pakible,3,2026-08-15T17:16:40.311119+00:00
1.0,STARTUP,Y Combinator,https://www.ycombinator.com/companies/paperspace,Paperspace,50,2026-08-15T17:16:40.311122+00:00
1.0,STARTUP,Y Combinator,https://www.ycombinator.com/companies/buildscience,BuildScience,1,2026-08-15T17:16:40.311125+00:00
1.0,STARTUP,Y Combinator,https://www.ycombinator.com/companies/readme,ReadMe,52,2026-08-15T17:16:40.311128+00:00
1.0,STARTUP,Y Combinator,https://www.ycombinator.com/companies/reschedule-med,ReSchedule Med,0,2026-08-15T17:16:40.311131+00:00
1.0,STARTUP,Y Combinator,https://www.ycombinator.com/companies/shift-messenger,Shift Messenger,2,2026-08-15T17:16:40.311134+00:00
1.0,STARTUP,Y Combinator,https://www.ycombinator.com/companies/shift-labs,Shift Labs,6,2026-08-15T17:16:40.311137+00:00
1.0,STARTUP,Y Combinator,https://www.ycombinator.com/companies/sails-co,Sails Co.,4,2026-08-15T17:16:40.311140+00:00
1.0,STARTUP,Y Combinator,https://www.ycombinator.com/companies/sirum,SIRUM,15,2026-08-15T17:16:40.311143+00:00
1.0,STARTUP,Y Combinator,https://www.ycombinator.com/companies/smarking,Smarking,17,2026-08-15T17:16:40.311145+00:00
1.0,STARTUP,Y Combinator,https://www.ycombinator.com/companies/tempo,Tempo,158,2026-08-15T17:16:40.311148+00:00
1.0,STARTUP,Y Combinator,https://www.ycombinator.com/companies/teamnote,TeamNote,11,2026-08-15T17:16:40.311151+00:00
1.0,STARTUP,Y Combinator,https://www.ycombinator.com/companies/makrwatch,Makrwatch,19,2026-08-15T17:16:40.311154+00:00
1.0,STARTUP,Y Combinator,https://www.ycombinator.com/companies/mobydish,Mobydish,10,2026-08-15T17:16:40.311157+00:00
1.0,STARTUP,Y Combinator,https://www.ycombinator.com/companies/remix,Remix,65,2026-08-15T17:16:40.311160+00:00
1.0,STARTUP,Y Combinator,https://www.ycombinator.com/companies/rare-door,Rare Door,2,2026-08-15T17:16:40.311163+00:00
1.0,STARTUP,Y Combinator,https://www.ycombinator.com/companies/underground-cellar,Underground Cellar,26,2026-08-15T17:16:40.311166+00:00
1.0,STARTUP,Y Combinator,https://www.ycombinator.com/companies/vest,Vest,50,2026-08-15T17:16:40.311169+00:00
1.0,STARTUP,Y Combinator,https://www.ycombinator.com/companies/resolve,Resolve,10,2026-08-15T17:16:40.311172+00:00
1.0,STARTUP,Y Combinator,https://www.ycombinator.com/companies/yesgraph,YesGraph,2,2026-08-15T17:16:40.311175+00:00
1.0,STARTUP,Y Combinator,https://www.ycombinator.com/companies/yhat,Yhat,17,2026-08-15T17:16:40.311178+00:00
1.0,STARTUP,Y Combinator,https://www.ycombinator.com/companies/bonfire,Bonfire,95,2026-08-15T17:16:40.311180+00:00
1.0,STARTUP,Y Combinator,https://www.ycombinator.com/companies/wayup,WayUp,50,2026-08-15T17:16:40.311183+00:00
1.0,STARTUP,Y Combinator,https://www.ycombinator.com/companies/cleanly,Cleanly,40,2026-08-15T17:16:40.311186+00:00
1.0,STARTUP,Y Combinator,https://www.ycombinator.com/companies/dealyze,Dealyze,6,2026-08-15T17:16:40.311196+00:00
1.0,STARTUP,Y Combinator,https://www.ycombinator.com/companies/lucira-health,Lucira Health,43,2026-08-15T17:16:40.311199+00:00
1.0,STARTUP,Y Combinator,https://www.ycombinator.com/companies/quantierra,Quantierra,5,2026-08-15T17:16:40.311202+00:00
1.0,STARTUP,Y Combinator,https://www.ycombinator.com/companies/ebrandvalue,eBrandvalue,10,2026-08-15T17:16:40.311205+00:00
1.0,STARTUP,Y Combinator,https://www.ycombinator.com/companies/equipmentshare,EquipmentShare,5400,2026-08-15T17:16:40.311208+00:00
1.0,STARTUP,Y Combinator,https://www.ycombinator.com/companies/gitlab,GitLab,2000,2026-08-15T17:16:40.311212+00:00
1.0,STARTUP,Y Combinator,https://www.ycombinator.com/companies/giveffect,Giveffect,,2026-08-15T17:16:40.311215+00:00
1.0,STARTUP,Y Combinator,https://www.ycombinator.com/companies/glassjar,Glassjar,2,2026-08-15T17:16:40.311218+00:00
1.0,STARTUP,Y Combinator,https://www.ycombinator.com/companies/industrial-microbes,Industrial Microbes,12,2026-08-15T17:16:40.311221+00:00
1.0,STARTUP,Y Combinator,https://www.ycombinator.com/companies/nextravel,NexTravel,17,2026-08-15T17:16:40.311224+00:00
1.0,STARTUP,Y Combinator,https://www.ycombinator.com/companies/level-frames,Level Frames,5,2026-08-15T17:16:40.311227+00:00
1.0,STARTUP,Y Combinator,https://www.ycombinator.com/companies/meadow,Meadow,14,2026-08-15T17:16:40.311230+00:00
1.0,STARTUP,Y Combinator,https://www.ycombinator.com/companies/moltin,Moltin,32,2026-08-15T17:16:40.311233+00:00
1.0,STARTUP,Y Combinator,https://www.ycombinator.com/companies/nextop,Nextop,2,2026-08-15T17:16:40.311235+00:00
1.0,STARTUP,Y Combinator,https://www.ycombinator.com/companies/outbound,Outbound,2,2026-08-15T17:16:40.311238+00:00
1.0,STARTUP,Y Combinator,https://www.ycombinator.com/companies/dabble,Dabble,3,2026-08-15T17:16:40.311241+00:00
1.0,STARTUP,Y Combinator,https://www.ycombinator.com/companies/pigeonly,Pigeonly,40,2026-08-15T17:16:40.311244+00:00
1.0,STARTUP,Y Combinator,https://www.ycombinator.com/companies/popular-pays,Popular Pays,37,2026-08-15T17:16:40.311247+00:00
1.0,STARTUP,Y Combinator,https://www.ycombinator.com/companies/pretty-instant,Pretty Instant,3,2026-08-15T17:16:40.311250+00:00
1.0,STARTUP,Y Combinator,https://www.ycombinator.com/companies/priime,Priime,3,2026-08-15T17:16:40.311253+00:00
1.0,STARTUP,Y Combinator,https://www.ycombinator.com/companies/razorpay,Razorpay,2700,2026-08-15T17:16:40.311256+00:00
1.0,STARTUP,Y Combinator,https://www.ycombinator.com/companies/rescue-forensics,Rescue Forensics,0,2026-08-15T17:16:40.311259+00:00
1.0,STARTUP,Y Combinator,https://www.ycombinator.com/companies/seed,Seed,11,2026-08-15T17:16:40.311262+00:00
1.0,STARTUP,Y Combinator,https://www.ycombinator.com/companies/sigopt,SigOpt,23,2026-08-15T17:16:40.311265+00:00
1.0,STARTUP,Y Combinator,https://www.ycombinator.com/companies/spoil,Spoil,2,2026-08-15T17:16:40.311268+00:00
1.0,STARTUP,Y Combinator,https://www.ycombinator.com/companies/standard-cyborg,Standard Cyborg,9,2026-08-15T17:16:40.311270+00:00
1.0,STARTUP,Y Combinator,https://www.ycombinator.com/companies/tab,Tab,9,2026-08-15T17:16:40.311273+00:00
1.0,STARTUP,Y Combinator,https://www.ycombinator.com/companies/zenflow,Zenflow,18,2026-08-15T17:16:40.311276+00:00
1.0,STARTUP,Y Combinator,https://www.ycombinator.com/companies/transcriptic,Transcriptic,13,2026-08-15T17:16:40.311279+00:00
1.0,STARTUP,Y Combinator,https://www.ycombinator.com/companies/valor-water-analytics,Valor Water Analytics,2,2026-08-15T17:16:40.311282+00:00
1.0,STARTUP,Y Combinator,https://www.ycombinator.com/companies/vanhawks,Vanhawks,11,2026-08-15T17:16:40.311285+00:00
1.0,STARTUP,Y Combinator,https://www.ycombinator.com/companies/vetpronto,VetPronto,51,2026-08-15T17:16:40.311288+00:00
1.0,STARTUP,Y Combinator,https://www.ycombinator.com/companies/wink-health,Wink Health,2,2026-08-15T17:16:40.311291+00:00
1.0,STARTUP,Y Combinator,https://www.ycombinator.com/companies/x-zell,X-Zell,19,2026-08-15T17:16:40.311294+00:00
1.0,STARTUP,Y Combinator,https://www.ycombinator.com/companies/raven-tech,Raven Tech,11,2026-08-15T17:16:40.311297+00:00
1.0,STARTUP,Y Combinator,https://www.ycombinator.com/companies/bagaveev-corporation,Bagaveev Corporation,2,2026-08-15T17:16:40.311299+00:00
1.0,STARTUP,Y Combinator,https://www.ycombinator.com/companies/lully,Lully,5,2026-08-15T17:16:40.311303+00:00
1.0,STARTUP,Y Combinator,https://www.ycombinator.com/companies/chariot,Chariot,501,2026-08-15T17:16:40.311306+00:00
1.0,STARTUP,Y Combinator,https://www.ycombinator.com/companies/flip,Flip,,2026-08-15T17:16:40.311308+00:00
1.0,STARTUP,Y Combinator,https://www.ycombinator.com/companies/tara-ai,Tara AI,13,2026-08-15T17:16:40.311311+00:00
1.0,STARTUP,Y Combinator,https://www.ycombinator.com/companies/replika,Replika,28,2026-08-15T17:16:40.311314+00:00
1.0,STARTUP,Y Combinator,https://www.ycombinator.com/companies/automate-ads,Automate Ads,2,2026-08-15T17:16:40.311317+00:00
1.0,STARTUP,Y Combinator,https://www.ycombinator.com/companies/nimblerx,NimbleRx,130,2026-08-15T17:16:40.311320+00:00
1.0,STARTUP,Y Combinator,https://www.ycombinator.com/companies/nomiku,Nomiku,11,2026-08-15T17:16:40.311323+00:00
1.0,STARTUP,Y Combinator,https://www.ycombinator.com/companies/spire-health,Spire Health,52,2026-08-15T17:16:40.311326+00:00
1.0,STARTUP,Y Combinator,https://www.ycombinator.com/companies/thinair,ThinAir,11,2026-08-15T17:16:40.311329+00:00
1.0,STARTUP,Y Combinator,https://www.ycombinator.com/companies/lumi,Lumi,67,2026-08-15T17:16:40.311331+00:00
1.0,STARTUP,Y Combinator,https://www.ycombinator.com/companies/mashgin,Mashgin,150,2026-08-15T17:16:40.311334+00:00
1.0,STARTUP,Y Combinator,https://www.ycombinator.com/companies/shasqi,Shasqi,28,2026-08-15T17:16:40.311337+00:00
1.0,STARTUP,Y Combinator,https://www.ycombinator.com/companies/triplebyte,Triplebyte,70,2026-08-15T17:16:40.311340+00:00
1.0,STARTUP,Y Combinator,https://www.ycombinator.com/companies/lugg,Lugg,50,2026-08-15T17:16:40.311342+00:00
1.0,STARTUP,Y Combinator,https://www.ycombinator.com/companies/teleport,Teleport,255,2026-08-15T17:16:40.311345+00:00
1.0,STARTUP,Y Combinator,https://www.ycombinator.com/companies/serica,Serica,2,2026-08-15T17:16:40.311348+00:00
1.0,STARTUP,Y Combinator,https://www.ycombinator.com/companies/teabot,teaBOT,2,2026-08-15T17:16:40.311351+00:00
1.0,STARTUP,Y Combinator,https://www.ycombinator.com/companies/leaders-in-tech,Leaders In Tech,1,2026-08-15T17:16:40.311354+00:00
1.0,STARTUP,Y Combinator,https://www.ycombinator.com/companies/ironclad,Ironclad,700,2026-08-15T17:16:40.311357+00:00
1.0,STARTUP,Y Combinator,https://www.ycombinator.com/companies/jopwell,Jopwell,50,2026-08-15T17:16:40.311360+00:00
1.0,STARTUP,Y Combinator,https://www.ycombinator.com/companies/l,L.,,2026-08-15T17:16:40.311363+00:00
1.0,STARTUP,Y Combinator,https://www.ycombinator.com/companies/new-story,New Story,20,2026-08-15T17:16:40.311366+00:00
1.0,STARTUP,Y Combinator,https://www.ycombinator.com/companies/openinvest,OpenInvest,110,2026-08-15T17:16:40.311369+00:00
1.0,STARTUP,Y Combinator,https://www.ycombinator.com/companies/gemnote,Gemnote,40,2026-08-15T17:16:40.311372+00:00
1.0,STARTUP,Y Combinator,https://www.ycombinator.com/companies/assembly,Assembly,12,2026-08-15T17:16:40.311375+00:00
1.0,STARTUP,Y Combinator,https://www.ycombinator.com/companies/partnerstack,PartnerStack,200,2026-08-15T17:16:40.311378+00:00
1.0,STARTUP,Y Combinator,https://www.ycombinator.com/companies/roomblocker,Roomblocker,2,2026-08-15T17:16:40.311381+00:00
1.0,STARTUP,Y Combinator,https://www.ycombinator.com/companies/ross-intelligence,ROSS Intelligence,30,2026-08-15T17:16:40.311383+00:00
1.0,STARTUP,Y Combinator,https://www.ycombinator.com/companies/scope-ar,Scope AR,50,2026-08-15T17:16:40.311387+00:00
1.0,STARTUP,Y Combinator,https://www.ycombinator.com/companies/second-measure,Second Measure,62,2026-08-15T17:16:40.311390+00:00
1.0,STARTUP,Y Combinator,https://www.ycombinator.com/companies/snapmagic,SnapMagic,23,2026-08-15T17:16:40.311393+00:00
1.0,STARTUP,Y Combinator,https://www.ycombinator.com/companies/sourcedna,SourceDNA,6,2026-08-15T17:16:40.311396+00:00
1.0,STARTUP,Y Combinator,https://www.ycombinator.com/companies/vernox,Vernox,2,2026-08-15T17:16:40.311416+00:00
1.0,STARTUP,Y Combinator,https://www.ycombinator.com/companies/hickory,Hickory,11,2026-08-15T17:16:40.311420+00:00
1.0,STARTUP,Y Combinator,https://www.ycombinator.com/companies/heroic-labs,Heroic Labs,21,2026-08-15T17:16:40.311423+00:00
1.0,STARTUP,Y Combinator,https://www.ycombinator.com/companies/airmada,Airmada,2,2026-08-15T17:16:40.311426+00:00
1.0,STARTUP,Y Combinator,https://www.ycombinator.com/companies/call9,Call9,51,2026-08-15T17:16:40.311429+00:00
1.0,STARTUP,Y Combinator,https://www.ycombinator.com/companies/careledger,CareLedger,0,2026-08-15T17:16:40.311432+00:00
1.0,STARTUP,Y Combinator,https://www.ycombinator.com/companies/branch8,Branch8,15,2026-08-15T17:16:40.311435+00:00
1.0,STARTUP,Y Combinator,https://www.ycombinator.com/companies/confident-lims,Confident LIMS,17,2026-08-15T17:16:40.311437+00:00
1.0,STARTUP,Y Combinator,https://www.ycombinator.com/companies/convox,Convox,3,2026-08-15T17:16:40.311441+00:00
1.0,STARTUP,Y Combinator,https://www.ycombinator.com/companies/cymmetria,Cymmetria,11,2026-08-15T17:16:40.311443+00:00
1.0,STARTUP,Y Combinator,https://www.ycombinator.com/companies/shotput,Shotput,2,2026-08-15T17:16:40.311446+00:00
1.0,STARTUP,Y Combinator,https://www.ycombinator.com/companies/eden,Eden,45,2026-08-15T17:16:40.311449+00:00
1.0,STARTUP,Y Combinator,https://www.ycombinator.com/companies/foxpass,Foxpass,10,2026-08-15T17:16:40.311452+00:00
1.0,STARTUP,Y Combinator,https://www.ycombinator.com/companies/sunfarmer,SunFarmer,15,2026-08-15T17:16:40.311455+00:00
1.0,STARTUP,Y Combinator,https://www.ycombinator.com/companies/stitch-health,Stitch Health,2,2026-08-15T17:16:40.311458+00:00
1.0,STARTUP,Y Combinator,https://www.ycombinator.com/companies/reach,Reach,45,2026-08-15T17:16:40.311461+00:00
1.0,STARTUP,Y Combinator,https://www.ycombinator.com/companies/tesorio,Tesorio,53,2026-08-15T17:16:40.311464+00:00
1.0,STARTUP,Y Combinator,https://www.ycombinator.com/companies/thrive-agritech,Thrive Agritech,8,2026-08-15T17:16:40.311467+00:00
1.0,STARTUP,Y Combinator,https://www.ycombinator.com/companies/verge-genomics,Verge Genomics,50,2026-08-15T17:16:40.311470+00:00
1.0,STARTUP,Y Combinator,https://www.ycombinator.com/companies/afrostream,Afrostream,11,2026-08-15T17:16:40.311473+00:00
1.0,STARTUP,Y Combinator,https://www.ycombinator.com/companies/apollo-health,Apollo Health,0,2026-08-15T17:16:40.311476+00:00
1.0,STARTUP,Y Combinator,https://www.ycombinator.com/companies/willing,Willing,10,2026-08-15T17:16:40.311479+00:00
1.0,STARTUP,Y Combinator,https://www.ycombinator.com/companies/bistrobot,Bistrobot,2,2026-08-15T17:16:40.311482+00:00
1.0,STARTUP,Y Combinator,https://www.ycombinator.com/companies/bluecrew,Bluecrew,100,2026-08-15T17:16:40.311485+00:00
1.0,STARTUP,Y Combinator,https://www.ycombinator.com/companies/bodyport,Bodyport,19,2026-08-15T17:16:40.311488+00:00
1.0,STARTUP,Y Combinator,https://www.ycombinator.com/companies/appcanary,Appcanary,2,2026-08-15T17:16:40.311491+00:00
1.0,STARTUP,Y Combinator,https://www.ycombinator.com/companies/chaldal,Chaldal,2886,2026-08-15T17:16:40.311494+00:00
1.0,STARTUP,Y Combinator,https://www.ycombinator.com/companies/cloudstitch,Cloudstitch,4,2026-08-15T17:16:40.311497+00:00
1.0,STARTUP,Y Combinator,https://www.ycombinator.com/companies/sphere-secure-workspace,Sphere Secure Workspace,2,2026-08-15T17:16:40.311499+00:00
1.0,STARTUP,Y Combinator,https://www.ycombinator.com/companies/drip-capital,Drip Capital,280,2026-08-15T17:16:40.311503+00:00
1.0,STARTUP,Y Combinator,https://www.ycombinator.com/companies/givecampus,GiveCampus,130,2026-08-15T17:16:40.311506+00:00
1.0,STARTUP,Y Combinator,https://www.ycombinator.com/companies/circle-medical,Circle Medical,235,2026-08-15T17:16:40.311509+00:00
1.0,STARTUP,Y Combinator,https://www.ycombinator.com/companies/zpredicta,zPREDICTA,2,2026-08-15T17:16:40.311512+00:00
1.0,STARTUP,Y Combinator,https://www.ycombinator.com/companies/jeugene,jEugene,2,2026-08-15T17:16:40.311514+00:00
1.0,STARTUP,Y Combinator,https://www.ycombinator.com/companies/leada,Leada,1,2026-08-15T17:16:40.311517+00:00
1.0,STARTUP,Y Combinator,https://www.ycombinator.com/companies/locent,Locent,11,2026-08-15T17:16:40.311520+00:00
1.0,STARTUP,Y Combinator,https://www.ycombinator.com/companies/markhor,Markhor,5,2026-08-15T17:16:40.311525+00:00
1.0,STARTUP,Y Combinator,https://www.ycombinator.com/companies/zeplin,Zeplin,140,2026-08-15T17:16:40.311528+00:00
1.0,STARTUP,Y Combinator,https://www.ycombinator.com/companies/microhealth,Microhealth,10,2026-08-15T17:16:40.311531+00:00
1.0,STARTUP,Y Combinator,https://www.ycombinator.com/companies/ohm,Ohm,0,2026-08-15T17:16:40.311534+00:00
1.0,STARTUP,Y Combinator,https://www.ycombinator.com/companies/fountain,Fountain,200,2026-08-15T17:16:40.311536+00:00
1.0,STARTUP,Y Combinator,https://www.ycombinator.com/companies/oolu,Oolu,230,2026-08-15T17:16:40.311540+00:00
1.0,STARTUP,Y Combinator,https://www.ycombinator.com/companies/paribus,Paribus,,2026-08-15T17:16:40.311543+00:00
1.0,STARTUP,Y Combinator,https://www.ycombinator.com/companies/picktrace,PickTrace,65,2026-08-15T17:16:40.311546+00:00
1.0,STARTUP,Y Combinator,https://www.ycombinator.com/companies/prayas-analytics,Prayas Analytics,2,2026-08-15T17:16:40.311549+00:00
1.0,STARTUP,Y Combinator,https://www.ycombinator.com/companies/interviewed,Interviewed,0,2026-08-15T17:16:40.311552+00:00
1.0,STARTUP,Y Combinator,https://www.ycombinator.com/companies/plate-iq,Plate IQ,200,2026-08-15T17:16:40.311555+00:00
1.0,STARTUP,Y Combinator,https://www.ycombinator.com/companies/redcarpetup,RedCarpetUp,100,2026-08-15T17:16:40.311558+00:00
1.0,STARTUP,Y Combinator,https://www.ycombinator.com/companies/reduced-energy-microsystems,Reduced Energy Microsystems,2,2026-08-15T17:16:40.311562+00:00
1.0,STARTUP,Y Combinator,https://www.ycombinator.com/companies/scentbird,Scentbird,165,2026-08-15T17:16:40.311565+00:00
1.0,STARTUP,Y Combinator,https://www.ycombinator.com/companies/seva-coffee,Seva Coffee,2,2026-08-15T17:16:40.311568+00:00
1.0,STARTUP,Y Combinator,https://www.ycombinator.com/companies/shape-shapescale,Shape (ShapeScale),7,2026-08-15T17:16:40.311571+00:00
1.0,STARTUP,Y Combinator,https://www.ycombinator.com/companies/shred-video,Shred Video,2,2026-08-15T17:16:40.311574+00:00
1.0,STARTUP,Y Combinator,https://www.ycombinator.com/companies/xendit,Xendit,700,2026-08-15T17:16:40.311578+00:00
1.0,STARTUP,Y Combinator,https://www.ycombinator.com/companies/xfers,Xfers,51,2026-08-15T17:16:40.311580+00:00
1.0,STARTUP,Y Combinator,https://www.ycombinator.com/companies/traversal-networks,Traversal Networks,1,2026-08-15T17:16:40.311583+00:00
1.0,STARTUP,Y Combinator,https://www.ycombinator.com/companies/80-000-hours,"80,000 Hours",13,2026-08-15T17:16:40.311632+00:00
1.0,STARTUP,Y Combinator,https://www.ycombinator.com/companies/font-awesome,Font Awesome,17,2026-08-15T17:16:40.311637+00:00
1.0,STARTUP,Y Combinator,https://www.ycombinator.com/companies/go1,Go1,650,2026-08-15T17:16:40.311640+00:00
1.0,STARTUP,Y Combinator,https://www.ycombinator.com/companies/saida,Saida,4,2026-08-15T17:16:40.311644+00:00
1.0,STARTUP,Y Combinator,https://www.ycombinator.com/companies/her,HER,10,2026-08-15T17:16:40.311648+00:00
1.0,STARTUP,Y Combinator,https://www.ycombinator.com/companies/maderight,Maderight,51,2026-08-15T17:16:40.311651+00:00
1.0,STARTUP,Y Combinator,https://www.ycombinator.com/companies/blitz-esports,Blitz Esports,11,2026-08-15T17:16:40.311654+00:00
1.0,STARTUP,Y Combinator,https://www.ycombinator.com/companies/the-ticket-fairy,The Ticket Fairy,30,2026-08-15T17:16:40.311657+00:00
1.0,STARTUP,Y Combinator,https://www.ycombinator.com/companies/fetch,Fetch,24,2026-08-15T17:16:40.311661+00:00
1.0,STARTUP,Y Combinator,https://www.ycombinator.com/companies/wheelys-cafe,Wheelys Café,11,2026-08-15T17:16:40.311665+00:00
1.0,STARTUP,Y Combinator,https://www.ycombinator.com/companies/tetrascience,TetraScience,100,2026-08-15T17:16:40.311670+00:00
1.0,STARTUP,Y Combinator,https://www.ycombinator.com/companies/mimir,Mimir,8,2026-08-15T17:16:40.311673+00:00
1.0,STARTUP,Y Combinator,https://www.ycombinator.com/companies/auro-robotics,Auro Robotics,0,2026-08-15T17:16:40.311729+00:00
1.0,STARTUP,Y Combinator,https://www.ycombinator.com/companies/klarismo,Klarismo,10,2026-08-15T17:16:40.311733+00:00
1.0,STARTUP,Y Combinator,https://www.ycombinator.com/companies/nebia,Nebia,16,2026-08-15T17:16:40.311736+00:00
1.0,STARTUP,Y Combinator,https://www.ycombinator.com/companies/stylebee,StyleBee,11,2026-08-15T17:16:40.311740+00:00
1.0,STARTUP,Y Combinator,https://www.ycombinator.com/companies/platejoy,PlateJoy,11,2026-08-15T17:16:40.311743+00:00
1.0,STARTUP,Y Combinator,https://www.ycombinator.com/companies/bitmovin,Bitmovin,145,2026-08-15T17:16:40.311746+00:00
1.0,STARTUP,Y Combinator,https://www.ycombinator.com/companies/cofactor-genomics,Cofactor Genomics,13,2026-08-15T17:16:40.311749+00:00
1.0,STARTUP,Y Combinator,https://www.ycombinator.com/companies/instawork,Instawork,500,2026-08-15T17:16:40.311752+00:00
1.0,STARTUP,Y Combinator,https://www.ycombinator.com/companies/eight-sleep,Eight Sleep,100,2026-08-15T17:16:40.311756+00:00
1.0,STARTUP,Y Combinator,https://www.ycombinator.com/companies/vive,Vive,11,2026-08-15T17:16:40.311759+00:00
1.0,STARTUP,Y Combinator,https://www.ycombinator.com/companies/flirtey,Flirtey (SkyDrop),11,2026-08-15T17:16:40.311762+00:00
1.0,STARTUP,Y Combinator,https://www.ycombinator.com/companies/human-interest,Human Interest,765,2026-08-15T17:16:40.311766+00:00
1.0,STARTUP,Y Combinator,https://www.ycombinator.com/companies/halolife,Halolife,2,2026-08-15T17:16:40.311769+00:00
1.0,STARTUP,Y Combinator,https://www.ycombinator.com/companies/tenant-turner,Tenant Turner,15,2026-08-15T17:16:40.311772+00:00
1.0,STARTUP,Y Combinator,https://www.ycombinator.com/companies/voiq,VOIQ,8,2026-08-15T17:16:40.311775+00:00
1.0,STARTUP,Y Combinator,https://www.ycombinator.com/companies/gigster,Gigster,51,2026-08-15T17:16:40.311778+00:00
1.0,STARTUP,Y Combinator,https://www.ycombinator.com/companies/mux,Mux,95,2026-08-15T17:16:40.311782+00:00
1.0,STARTUP,Y Combinator,https://www.ycombinator.com/companies/lattice,Lattice,540,2026-08-15T17:16:40.311785+00:00
1.0,STARTUP,Y Combinator,https://www.ycombinator.com/companies/soundboks,SOUNDBOKS,50,2026-08-15T17:16:40.311788+00:00
1.0,STARTUP,Y Combinator,https://www.ycombinator.com/companies/compgun,Compgun,11,2026-08-15T17:16:40.311791+00:00
1.0,STARTUP,Y Combinator,https://www.ycombinator.com/companies/deepgram,Deepgram,115,2026-08-15T17:16:40.311794+00:00
1.0,STARTUP,Y Combinator,https://www.ycombinator.com/companies/stealth-worker,Stealth Worker,5,2026-08-15T17:16:40.311797+00:00
1.0,STARTUP,Y Combinator,https://www.ycombinator.com/companies/stilt,Stilt,35,2026-08-15T17:16:40.311801+00:00
1.0,STARTUP,Y Combinator,https://www.ycombinator.com/companies/magic-instruments,Magic Instruments,2,2026-08-15T17:16:40.311803+00:00
1.0,STARTUP,Y Combinator,https://www.ycombinator.com/companies/embark-trucks,Embark Trucks,300,2026-08-15T17:16:40.311807+00:00
1.0,STARTUP,Y Combinator,https://www.ycombinator.com/companies/vinebox,VINEBOX (Usual Beverage Co.),11,2026-08-15T17:16:40.311810+00:00
1.0,STARTUP,Y Combinator,https://www.ycombinator.com/companies/yardbook,Yardbook,,2026-08-15T17:16:40.311813+00:00
1.0,STARTUP,Y Combinator,https://www.ycombinator.com/companies/chatfuel,Chatfuel,53,2026-08-15T17:16:40.311821+00:00
1.0,STARTUP,Y Combinator,https://www.ycombinator.com/companies/alphaflow,AlphaFlow,26,2026-08-15T17:16:40.311829+00:00
1.0,STARTUP,Y Combinator,https://www.ycombinator.com/companies/getaccept,GetAccept,200,2026-08-15T17:16:40.311836+00:00
1.0,STARTUP,Y Combinator,https://www.ycombinator.com/companies/isono-health,iSono Health,9,2026-08-15T17:16:40.311844+00:00
1.0,STARTUP,Y Combinator,https://www.ycombinator.com/companies/tovala,Tovala,375,2026-08-15T17:16:40.311852+00:00
1.0,STARTUP,Y Combinator,https://www.ycombinator.com/companies/magicbus,MagicBus,18,2026-08-15T17:16:40.311860+00:00
1.0,STARTUP,Y Combinator,https://www.ycombinator.com/companies/mason,Mason,65,2026-08-15T17:16:40.311868+00:00
1.0,STARTUP,Y Combinator,https://www.ycombinator.com/companies/outschool,Outschool,107,2026-08-15T17:16:40.311876+00:00
1.0,STARTUP,Y Combinator,https://www.ycombinator.com/companies/petcube,Petcube,51,2026-08-15T17:16:40.311884+00:00
1.0,STARTUP,Y Combinator,https://www.ycombinator.com/companies/daily,Daily,126,2026-08-15T17:16:40.311892+00:00
1.0,STARTUP,Y Combinator,https://www.ycombinator.com/companies/mio,Mio,12,2026-08-15T17:16:40.311900+00:00
1.0,STARTUP,Y Combinator,https://www.ycombinator.com/companies/algoriz,Algoriz,4,2026-08-15T17:16:40.311907+00:00
1.0,STARTUP,Y Combinator,https://www.ycombinator.com/companies/focal-systems,Focal Systems,170,2026-08-15T17:16:40.311915+00:00
1.0,STARTUP,Y Combinator,https://www.ycombinator.com/companies/loop-genomics,Loop Genomics,7,2026-08-15T17:16:40.311923+00:00
1.0,STARTUP,Y Combinator,https://www.ycombinator.com/companies/toymail,Toymail,2,2026-08-15T17:16:40.311932+00:00
1.0,STARTUP,Y Combinator,https://www.ycombinator.com/companies/uplabs,UpLabs,1,2026-08-15T17:16:40.311939+00:00
1.0,STARTUP,Y Combinator,https://www.ycombinator.com/companies/worldcover,WorldCover,20,2026-08-15T17:16:40.311947+00:00
1.0,STARTUP,Y Combinator,https://www.ycombinator.com/companies/able-health,Able Health,11,2026-08-15T17:16:40.311956+00:00
1.0,STARTUP,Y Combinator,https://www.ycombinator.com/companies/truebill,Truebill,225,2026-08-15T17:16:40.311964+00:00
1.0,STARTUP,Y Combinator,https://www.ycombinator.com/companies/chillabit,Chillabit,3,2026-08-15T17:16:40.311971+00:00
1.0,STARTUP,Y Combinator,https://www.ycombinator.com/companies/deako,Deako,11,2026-08-15T17:16:40.311979+00:00
1.0,STARTUP,Y Combinator,https://www.ycombinator.com/companies/dosedr,DoseDr,2,2026-08-15T17:16:40.311987+00:00
1.0,STARTUP,Y Combinator,https://www.ycombinator.com/companies/copia,Copia,20,2026-08-15T17:16:40.311995+00:00
1.0,STARTUP,Y Combinator,https://www.ycombinator.com/companies/gigwell,Gigwell,12,2026-08-15T17:16:40.312002+00:00
1.0,STARTUP,Y Combinator,https://www.ycombinator.com/companies/innovein,InnoVein,5,2026-08-15T17:16:40.312010+00:00
1.0,STARTUP,Y Combinator,https://www.ycombinator.com/companies/inevitable-tech,Inevitable Tech,80,2026-08-15T17:16:40.312017+00:00
1.0,STARTUP,Y Combinator,https://www.ycombinator.com/companies/lendedu,LendEDU,10,2026-08-15T17:16:40.312026+00:00
1.0,STARTUP,Y Combinator,https://www.ycombinator.com/companies/luminist-labs,Luminist Labs,2,2026-08-15T17:16:40.312033+00:00
1.0,STARTUP,Y Combinator,https://www.ycombinator.com/companies/meter-feeder,Meter Feeder,4,2026-08-15T17:16:40.312042+00:00
1.0,STARTUP,Y Combinator,https://www.ycombinator.com/companies/mineralsoft,MineralSoft,35,2026-08-15T17:16:40.312049+00:00
1.0,STARTUP,Y Combinator,https://www.ycombinator.com/companies/pocketsuite,PocketSuite,30,2026-08-15T17:16:40.312057+00:00
1.0,STARTUP,Y Combinator,https://www.ycombinator.com/companies/pulpix,Pulpix,15,2026-08-15T17:16:40.312064+00:00
1.0,STARTUP,Y Combinator,https://www.ycombinator.com/companies/revl,Revl,22,2026-08-15T17:16:40.312072+00:00
1.0,STARTUP,Y Combinator,https://www.ycombinator.com/companies/paystack,Paystack,115,2026-08-15T17:16:40.312080+00:00
1.0,STARTUP,Y Combinator,https://www.ycombinator.com/companies/bus-com,Bus.com,90,2026-08-15T17:16:40.312088+00:00
1.0,STARTUP,Y Combinator,https://www.ycombinator.com/companies/unima,Unima,26,2026-08-15T17:16:40.312095+00:00
1.0,STARTUP,Y Combinator,https://www.ycombinator.com/companies/enflux,Enflux,2,2026-08-15T17:16:40.312103+00:00
1.0,STARTUP,Y Combinator,https://www.ycombinator.com/companies/goodybag,Goodybag,11,2026-08-15T17:16:40.312110+00:00
1.0,STARTUP,Y Combinator,https://www.ycombinator.com/companies/open-motors,Open Motors,11,2026-08-15T17:16:40.312119+00:00
1.0,STARTUP,Y Combinator,https://www.ycombinator.com/companies/start-closing,Start Closing,2,2026-08-15T17:16:40.312127+00:00
1.0,STARTUP,Y Combinator,https://www.ycombinator.com/companies/mailtime,MailTime,18,2026-08-15T17:16:40.312136+00:00
1.0,STARTUP,Y Combinator,https://www.ycombinator.com/companies/monthli,Monthli,4,2026-08-15T17:16:40.312143+00:00
1.0,STARTUP,Y Combinator,https://www.ycombinator.com/companies/opentrons,Opentrons,300,2026-08-15T17:16:40.312178+00:00
1.0,STARTUP,Y Combinator,https://www.ycombinator.com/companies/castle,Castle,11,2026-08-15T17:16:40.312186+00:00
1.0,STARTUP,Y Combinator,https://www.ycombinator.com/companies/castle-2,Castle,20,2026-08-15T17:16:40.312194+00:00
1.0,STARTUP,Y Combinator,https://www.ycombinator.com/companies/netomi,Netomi,3,2026-08-15T17:16:40.312203+00:00
1.0,STARTUP,Y Combinator,https://www.ycombinator.com/companies/superside,Superside,850,2026-08-15T17:16:40.312211+00:00
1.0,STARTUP,Y Combinator,https://www.ycombinator.com/companies/constructvr,ConstructVR,2,2026-08-15T17:16:40.312219+00:00
1.0,STARTUP,Y Combinator,https://www.ycombinator.com/companies/function-of-beauty,Function of Beauty,300,2026-08-15T17:16:40.312228+00:00
1.0,STARTUP,Y Combinator,https://www.ycombinator.com/companies/luciq,Luciq (formerly Instabug),250,2026-08-15T17:16:40.312236+00:00
1.0,STARTUP,Y Combinator,https://www.ycombinator.com/companies/interstate-analytics,Interstate Analytics,2,2026-08-15T17:16:40.312245+00:00
1.0,STARTUP,Y Combinator,https://www.ycombinator.com/companies/patchwork-security,Patchwork Security,2,2026-08-15T17:16:40.312253+00:00
1.0,STARTUP,Y Combinator,https://www.ycombinator.com/companies/pave,Pave,6,2026-08-15T17:16:40.312262+00:00
1.0,STARTUP,Y Combinator,https://www.ycombinator.com/companies/podium,Podium,1000,2026-08-15T17:16:40.312269+00:00
1.0,STARTUP,Y Combinator,https://www.ycombinator.com/companies/salt-security,Salt Security,200,2026-08-15T17:16:40.312278+00:00
1.0,STARTUP,Y Combinator,https://www.ycombinator.com/companies/apollo-io,Apollo.io,800,2026-08-15T17:16:40.312286+00:00
1.0,STARTUP,Y Combinator,https://www.ycombinator.com/companies/poppy,Poppy,2,2026-08-15T17:16:40.312293+00:00
1.0,STARTUP,Y Combinator,https://www.ycombinator.com/companies/anchor-health,Anchor Health,2,2026-08-15T17:16:40.312301+00:00
1.0,STARTUP,Y Combinator,https://www.ycombinator.com/companies/thunkable,Thunkable,40,2026-08-15T17:16:40.312310+00:00
1.0,STARTUP,Y Combinator,https://www.ycombinator.com/companies/plato,Plato,26,2026-08-15T17:16:40.312317+00:00
1.0,STARTUP,Y Combinator,https://www.ycombinator.com/companies/lynks,Lynks,40,2026-08-15T17:16:40.312326+00:00
1.0,STARTUP,Y Combinator,https://www.ycombinator.com/companies/emburse,Emburse,,2026-08-15T17:16:40.312333+00:00
1.0,STARTUP,Y Combinator,https://www.ycombinator.com/companies/gecko-robotics,Gecko Robotics,230,2026-08-15T17:16:40.312341+00:00
1.0,STARTUP,Y Combinator,https://www.ycombinator.com/companies/golorry,GoLorry,30,2026-08-15T17:16:40.312350+00:00
1.0,STARTUP,Y Combinator,https://www.ycombinator.com/companies/histowiz,HistoWiz,2,2026-08-15T17:16:40.312358+00:00
1.0,STARTUP,Y Combinator,https://www.ycombinator.com/companies/landed,Landed,2,2026-08-15T17:16:40.312366+00:00
1.0,STARTUP,Y Combinator,https://www.ycombinator.com/companies/mrelief,mRelief,12,2026-08-15T17:16:40.312374+00:00
1.0,STARTUP,Y Combinator,https://www.ycombinator.com/companies/netbeez,NetBeez,12,2026-08-15T17:16:40.312382+00:00
1.0,STARTUP,Y Combinator,https://www.ycombinator.com/companies/redspread,Redspread,0,2026-08-15T17:16:40.312389+00:00
1.0,STARTUP,Y Combinator,https://www.ycombinator.com/companies/caper,Caper,15,2026-08-15T17:16:40.312397+00:00
1.0,STARTUP,Y Combinator,https://www.ycombinator.com/companies/trac,TRAC,2,2026-08-15T17:16:40.312404+00:00
